[
  {
    "id_no": "1",
    "zip_code": "77002",
    "neighborhood": "Downtown, Theater District, Ballpark District, Warehouse District ",
    "neighborhood_link": "https://www.unitedstateszipcodes.org/77002/",
    "org_city": "Houston",
    "org_county": "Harris",
    "org_county_city": "Harris | Houston",
    "org_county_city_zip_neighborhood": "Harris | Houston  |  77002 - Downtown, Theater District, Ballpark District, Warehouse District "
  },
  {
    "id_no": "2",
    "zip_code": "77003",
    "neighborhood": "East Downtown (EaDo), Second Ward ",
    "neighborhood_link": "https://www.unitedstateszipcodes.org/77003/",
    "org_city": "Houston",
    "org_county": "Harris",
    "org_county_city": "Harris | Houston",
    "org_county_city_zip_neighborhood": "Harris | Houston  |  77003 - East Downtown (EaDo), Second Ward "
  },
  {
    "id_no": "3",
    "zip_code": "77004",
    "neighborhood": "Museum District, Midtown, Third Ward ",
    "neighborhood_link": "https://www.unitedstateszipcodes.org/77004/",
    "org_city": "Houston",
    "org_county": "Harris",
    "org_county_city": "Harris | Houston",
    "org_county_city_zip_neighborhood": "Harris | Houston  |  77004 - Museum District, Midtown, Third Ward "
  },
  {
    "id_no": "4",
    "zip_code": "77005",
    "neighborhood": "West University Place, Southside Place, Rice Village ",
    "neighborhood_link": "https://www.unitedstateszipcodes.org/77005/",
    "org_city": "Houston",
    "org_county": "Harris",
    "org_county_city": "Harris | Houston",
    "org_county_city_zip_neighborhood": "Harris | Houston  |  77005 - West University Place, Southside Place, Rice Village "
  },
  {
    "id_no": "5",
    "zip_code": "77006",
    "neighborhood": "Montrose, Hyde Park, Neartown ",
    "neighborhood_link": "https://www.unitedstateszipcodes.org/77006/",
    "org_city": "Houston",
    "org_county": "Harris",
    "org_county_city": "Harris | Houston",
    "org_county_city_zip_neighborhood": "Harris | Houston  |  77006 - Montrose, Hyde Park, Neartown "
  },
  {
    "id_no": "6",
    "zip_code": "77007",
    "neighborhood": "Rice Military, Washington Corridor, Memorial Park ",
    "neighborhood_link": "https://www.unitedstateszipcodes.org/77007/",
    "org_city": "Houston",
    "org_county": "Harris",
    "org_county_city": "Harris | Houston",
    "org_county_city_zip_neighborhood": "Harris | Houston  |  77007 - Rice Military, Washington Corridor, Memorial Park "
  },
  {
    "id_no": "7",
    "zip_code": "77008",
    "neighborhood": "Houston Heights, Shady Acres, Timbergrove Manor ",
    "neighborhood_link": "https://www.unitedstateszipcodes.org/77008/",
    "org_city": "Houston",
    "org_county": "Harris",
    "org_county_city": "Harris | Houston",
    "org_county_city_zip_neighborhood": "Harris | Houston  |  77008 - Houston Heights, Shady Acres, Timbergrove Manor "
  },
  {
    "id_no": "8",
    "zip_code": "77009",
    "neighborhood": "Near Northside, Lindale Park, Woodland Heights ",
    "neighborhood_link": "https://www.unitedstateszipcodes.org/77009/",
    "org_city": "Houston",
    "org_county": "Harris",
    "org_county_city": "Harris | Houston",
    "org_county_city_zip_neighborhood": "Harris | Houston  |  77009 - Near Northside, Lindale Park, Woodland Heights "
  },
  {
    "id_no": "9",
    "zip_code": "77010",
    "neighborhood": "Discovery Green area, Convention Center District ",
    "neighborhood_link": "https://www.unitedstateszipcodes.org/77010/",
    "org_city": "Houston",
    "org_county": "Harris",
    "org_county_city": "Harris | Houston",
    "org_county_city_zip_neighborhood": "Harris | Houston  |  77010 - Discovery Green area, Convention Center District "
  },
  {
    "id_no": "10",
    "zip_code": "77011",
    "neighborhood": "Second Ward, Eastwood ",
    "neighborhood_link": "https://www.unitedstateszipcodes.org/77011/",
    "org_city": "Houston",
    "org_county": "Harris",
    "org_county_city": "Harris | Houston",
    "org_county_city_zip_neighborhood": "Harris | Houston  |  77011 - Second Ward, Eastwood "
  },
  {
    "id_no": "11",
    "zip_code": "77012",
    "neighborhood": "Magnolia Park, Harrisburg ",
    "neighborhood_link": "https://www.unitedstateszipcodes.org/77012/",
    "org_city": "Houston",
    "org_county": "Harris",
    "org_county_city": "Harris | Houston",
    "org_county_city_zip_neighborhood": "Harris | Houston  |  77012 - Magnolia Park, Harrisburg "
  },
  {
    "id_no": "12",
    "zip_code": "77013",
    "neighborhood": "Jacinto City, Pleasantville Area ",
    "neighborhood_link": "https://www.unitedstateszipcodes.org/77013/",
    "org_city": "Houston",
    "org_county": "Harris",
    "org_county_city": "Harris | Houston",
    "org_county_city_zip_neighborhood": "Harris | Houston  |  77013 - Jacinto City, Pleasantville Area "
  },
  {
    "id_no": "13",
    "zip_code": "77014",
    "neighborhood": "Northcliffe, Bammel Village ",
    "neighborhood_link": "https://www.unitedstateszipcodes.org/77014/",
    "org_city": "Houston",
    "org_county": "Harris",
    "org_county_city": "Harris | Houston",
    "org_county_city_zip_neighborhood": "Harris | Houston  |  77014 - Northcliffe, Bammel Village "
  },
  {
    "id_no": "14",
    "zip_code": "77015",
    "neighborhood": "Northshore, Cloverleaf ",
    "neighborhood_link": "https://www.unitedstateszipcodes.org/77015/",
    "org_city": "Houston",
    "org_county": "Harris",
    "org_county_city": "Harris | Houston",
    "org_county_city_zip_neighborhood": "Harris | Houston  |  77015 - Northshore, Cloverleaf "
  },
  {
    "id_no": "15",
    "zip_code": "77016",
    "neighborhood": "Trinity Gardens, East Little York ",
    "neighborhood_link": "https://www.unitedstateszipcodes.org/77016/",
    "org_city": "Houston",
    "org_county": "Harris",
    "org_county_city": "Harris | Houston",
    "org_county_city_zip_neighborhood": "Harris | Houston  |  77016 - Trinity Gardens, East Little York "
  },
  {
    "id_no": "16",
    "zip_code": "77017",
    "neighborhood": "Park Place, Meadowbrook/Allendale ",
    "neighborhood_link": "https://www.unitedstateszipcodes.org/77017/",
    "org_city": "Houston",
    "org_county": "Harris",
    "org_county_city": "Harris | Houston",
    "org_county_city_zip_neighborhood": "Harris | Houston  |  77017 - Park Place, Meadowbrook/Allendale "
  },
  {
    "id_no": "17",
    "zip_code": "77018",
    "neighborhood": "Oak Forest, Garden Oaks ",
    "neighborhood_link": "https://www.unitedstateszipcodes.org/77018/",
    "org_city": "Houston",
    "org_county": "Harris",
    "org_county_city": "Harris | Houston",
    "org_county_city_zip_neighborhood": "Harris | Houston  |  77018 - Oak Forest, Garden Oaks "
  },
  {
    "id_no": "18",
    "zip_code": "77019",
    "neighborhood": "River Oaks, Avalon Place, Hyde Park ",
    "neighborhood_link": "https://www.unitedstateszipcodes.org/77019/",
    "org_city": "Houston",
    "org_county": "Harris",
    "org_county_city": "Harris | Houston",
    "org_county_city_zip_neighborhood": "Harris | Houston  |  77019 - River Oaks, Avalon Place, Hyde Park "
  },
  {
    "id_no": "19",
    "zip_code": "77020",
    "neighborhood": "Fifth Ward, Denver Harbor ",
    "neighborhood_link": "https://www.unitedstateszipcodes.org/77020/",
    "org_city": "Houston",
    "org_county": "Harris",
    "org_county_city": "Harris | Houston",
    "org_county_city_zip_neighborhood": "Harris | Houston  |  77020 - Fifth Ward, Denver Harbor "
  },
  {
    "id_no": "20",
    "zip_code": "77021",
    "neighborhood": "Riverside Terrace, MacGregor ",
    "neighborhood_link": "https://www.unitedstateszipcodes.org/77021/",
    "org_city": "Houston",
    "org_county": "Harris",
    "org_county_city": "Harris | Houston",
    "org_county_city_zip_neighborhood": "Harris | Houston  |  77021 - Riverside Terrace, MacGregor "
  },
  {
    "id_no": "21",
    "zip_code": "77022",
    "neighborhood": "Northline, Independence Heights ",
    "neighborhood_link": "https://www.unitedstateszipcodes.org/77022/",
    "org_city": "Houston",
    "org_county": "Harris",
    "org_county_city": "Harris | Houston",
    "org_county_city_zip_neighborhood": "Harris | Houston  |  77022 - Northline, Independence Heights "
  },
  {
    "id_no": "22",
    "zip_code": "77023",
    "neighborhood": "Eastwood, Idylwood ",
    "neighborhood_link": "https://www.unitedstateszipcodes.org/77023/",
    "org_city": "Houston",
    "org_county": "Harris",
    "org_county_city": "Harris | Houston",
    "org_county_city_zip_neighborhood": "Harris | Houston  |  77023 - Eastwood, Idylwood "
  },
  {
    "id_no": "23",
    "zip_code": "77024",
    "neighborhood": "Memorial, Hunters Creek Village, Hedwig Village ",
    "neighborhood_link": "https://www.unitedstateszipcodes.org/77024/",
    "org_city": "Houston",
    "org_county": "Harris",
    "org_county_city": "Harris | Houston",
    "org_county_city_zip_neighborhood": "Harris | Houston  |  77024 - Memorial, Hunters Creek Village, Hedwig Village "
  },
  {
    "id_no": "24",
    "zip_code": "77025",
    "neighborhood": "Braeswood Place, Knollwood Village ",
    "neighborhood_link": "https://www.unitedstateszipcodes.org/77025/",
    "org_city": "Houston",
    "org_county": "Harris",
    "org_county_city": "Harris | Houston",
    "org_county_city_zip_neighborhood": "Harris | Houston  |  77025 - Braeswood Place, Knollwood Village "
  },
  {
    "id_no": "25",
    "zip_code": "77026",
    "neighborhood": "Kashmere Gardens, Settegast ",
    "neighborhood_link": "https://www.unitedstateszipcodes.org/77026/",
    "org_city": "Houston",
    "org_county": "Harris",
    "org_county_city": "Harris | Houston",
    "org_county_city_zip_neighborhood": "Harris | Houston  |  77026 - Kashmere Gardens, Settegast "
  },
  {
    "id_no": "26",
    "zip_code": "77027",
    "neighborhood": "Afton Oaks, Greenway Plaza ",
    "neighborhood_link": "https://www.unitedstateszipcodes.org/77027/",
    "org_city": "Houston",
    "org_county": "Harris",
    "org_county_city": "Harris | Houston",
    "org_county_city_zip_neighborhood": "Harris | Houston  |  77027 - Afton Oaks, Greenway Plaza "
  },
  {
    "id_no": "27",
    "zip_code": "77028",
    "neighborhood": "East Houston, Settegast ",
    "neighborhood_link": "https://www.unitedstateszipcodes.org/77028/",
    "org_city": "Houston",
    "org_county": "Harris",
    "org_county_city": "Harris | Houston",
    "org_county_city_zip_neighborhood": "Harris | Houston  |  77028 - East Houston, Settegast "
  },
  {
    "id_no": "28",
    "zip_code": "77029",
    "neighborhood": "Pleasantville, Clinton Park Tri-Community ",
    "neighborhood_link": "https://www.unitedstateszipcodes.org/77029/",
    "org_city": "Houston",
    "org_county": "Harris",
    "org_county_city": "Harris | Houston",
    "org_county_city_zip_neighborhood": "Harris | Houston  |  77029 - Pleasantville, Clinton Park Tri-Community "
  },
  {
    "id_no": "29",
    "zip_code": "77030",
    "neighborhood": "Texas Medical Center, Southgate ",
    "neighborhood_link": "https://www.unitedstateszipcodes.org/77030/",
    "org_city": "Houston",
    "org_county": "Harris",
    "org_county_city": "Harris | Houston",
    "org_county_city_zip_neighborhood": "Harris | Houston  |  77030 - Texas Medical Center, Southgate "
  },
  {
    "id_no": "30",
    "zip_code": "77031",
    "neighborhood": "Braeburn, Fondren Southwest ",
    "neighborhood_link": "https://www.unitedstateszipcodes.org/77031/",
    "org_city": "Houston",
    "org_county": "Harris",
    "org_county_city": "Harris | Houston",
    "org_county_city_zip_neighborhood": "Harris | Houston  |  77031 - Braeburn, Fondren Southwest "
  },
  {
    "id_no": "31",
    "zip_code": "77032",
    "neighborhood": "Airport/Cargo Zone, Greenspoint ",
    "neighborhood_link": "https://www.unitedstateszipcodes.org/77032/",
    "org_city": "Houston",
    "org_county": "Harris",
    "org_county_city": "Harris | Houston",
    "org_county_city_zip_neighborhood": "Harris | Houston  |  77032 - Airport/Cargo Zone, Greenspoint "
  },
  {
    "id_no": "32",
    "zip_code": "77033",
    "neighborhood": "Sunnyside, South Acres/Crestmont Park ",
    "neighborhood_link": "https://www.unitedstateszipcodes.org/77033/",
    "org_city": "Houston",
    "org_county": "Harris",
    "org_county_city": "Harris | Houston",
    "org_county_city_zip_neighborhood": "Harris | Houston  |  77033 - Sunnyside, South Acres/Crestmont Park "
  },
  {
    "id_no": "33",
    "zip_code": "77034",
    "neighborhood": "Southbelt/Ellington, Edgebrook ",
    "neighborhood_link": "https://www.unitedstateszipcodes.org/77034/",
    "org_city": "Houston",
    "org_county": "Harris",
    "org_county_city": "Harris | Houston",
    "org_county_city_zip_neighborhood": "Harris | Houston  |  77034 - Southbelt/Ellington, Edgebrook "
  },
  {
    "id_no": "34",
    "zip_code": "77035",
    "neighborhood": "Westbury, Willowbend ",
    "neighborhood_link": "https://www.unitedstateszipcodes.org/77035/",
    "org_city": "Houston",
    "org_county": "Harris",
    "org_county_city": "Harris | Houston",
    "org_county_city_zip_neighborhood": "Harris | Houston  |  77035 - Westbury, Willowbend "
  },
  {
    "id_no": "35",
    "zip_code": "77036",
    "neighborhood": "Sharpstown, Chinatown ",
    "neighborhood_link": "https://www.unitedstateszipcodes.org/77036/",
    "org_city": "Houston",
    "org_county": "Harris",
    "org_county_city": "Harris | Houston",
    "org_county_city_zip_neighborhood": "Harris | Houston  |  77036 - Sharpstown, Chinatown "
  },
  {
    "id_no": "36",
    "zip_code": "77037",
    "neighborhood": "Northline, Northside ",
    "neighborhood_link": "https://www.unitedstateszipcodes.org/77037/",
    "org_city": "Houston",
    "org_county": "Harris",
    "org_county_city": "Harris | Houston",
    "org_county_city_zip_neighborhood": "Harris | Houston  |  77037 - Northline, Northside "
  },
  {
    "id_no": "37",
    "zip_code": "77038",
    "neighborhood": "Greater Inwood, Hidden Valley ",
    "neighborhood_link": "https://www.unitedstateszipcodes.org/77038/",
    "org_city": "Houston",
    "org_county": "Harris",
    "org_county_city": "Harris | Houston",
    "org_county_city_zip_neighborhood": "Harris | Houston  |  77038 - Greater Inwood, Hidden Valley "
  },
  {
    "id_no": "38",
    "zip_code": "77039",
    "neighborhood": "Aldine, Airline ",
    "neighborhood_link": "https://www.unitedstateszipcodes.org/77039/",
    "org_city": "Houston",
    "org_county": "Harris",
    "org_county_city": "Harris | Houston",
    "org_county_city_zip_neighborhood": "Harris | Houston  |  77039 - Aldine, Airline "
  },
  {
    "id_no": "39",
    "zip_code": "77040",
    "neighborhood": "Jersey Village, Fairbanks/Northwest Crossing ",
    "neighborhood_link": "https://www.unitedstateszipcodes.org/77040/",
    "org_city": "Houston",
    "org_county": "Harris",
    "org_county_city": "Harris | Houston",
    "org_county_city_zip_neighborhood": "Harris | Houston  |  77040 - Jersey Village, Fairbanks/Northwest Crossing "
  },
  {
    "id_no": "40",
    "zip_code": "77041",
    "neighborhood": "Spring Branch, Westbranch ",
    "neighborhood_link": "https://www.unitedstateszipcodes.org/77041/",
    "org_city": "Houston",
    "org_county": "Harris",
    "org_county_city": "Harris | Houston",
    "org_county_city_zip_neighborhood": "Harris | Houston  |  77041 - Spring Branch, Westbranch "
  },
  {
    "id_no": "41",
    "zip_code": "77042",
    "neighborhood": "Westchase, Briarmeadow ",
    "neighborhood_link": "https://www.unitedstateszipcodes.org/77042/",
    "org_city": "Houston",
    "org_county": "Harris",
    "org_county_city": "Harris | Houston",
    "org_county_city_zip_neighborhood": "Harris | Houston  |  77042 - Westchase, Briarmeadow "
  },
  {
    "id_no": "42",
    "zip_code": "77043",
    "neighborhood": "Spring Branch West, Shadow Oaks ",
    "neighborhood_link": "https://www.unitedstateszipcodes.org/77043/",
    "org_city": "Houston",
    "org_county": "Harris",
    "org_county_city": "Harris | Houston",
    "org_county_city_zip_neighborhood": "Harris | Houston  |  77043 - Spring Branch West, Shadow Oaks "
  },
  {
    "id_no": "43",
    "zip_code": "77044",
    "neighborhood": "Lake Houston, Summerwood ",
    "neighborhood_link": "https://www.unitedstateszipcodes.org/77044/",
    "org_city": "Houston",
    "org_county": "Harris",
    "org_county_city": "Harris | Houston",
    "org_county_city_zip_neighborhood": "Harris | Houston  |  77044 - Lake Houston, Summerwood "
  },
  {
    "id_no": "44",
    "zip_code": "77045",
    "neighborhood": "Hiram Clarke, Central Southwest ",
    "neighborhood_link": "https://www.unitedstateszipcodes.org/77045/",
    "org_city": "Houston",
    "org_county": "Harris",
    "org_county_city": "Harris | Houston",
    "org_county_city_zip_neighborhood": "Harris | Houston  |  77045 - Hiram Clarke, Central Southwest "
  },
  {
    "id_no": "45",
    "zip_code": "77046",
    "neighborhood": "Greenway Plaza, Upper Kirby ",
    "neighborhood_link": "https://www.unitedstateszipcodes.org/77046/",
    "org_city": "Houston",
    "org_county": "Harris",
    "org_county_city": "Harris | Houston",
    "org_county_city_zip_neighborhood": "Harris | Houston  |  77046 - Greenway Plaza, Upper Kirby "
  },
  {
    "id_no": "46",
    "zip_code": "77047",
    "neighborhood": "South Acres, Minnetex ",
    "neighborhood_link": "https://www.unitedstateszipcodes.org/77047/",
    "org_city": "Houston",
    "org_county": "Harris",
    "org_county_city": "Harris | Houston",
    "org_county_city_zip_neighborhood": "Harris | Houston  |  77047 - South Acres, Minnetex "
  },
  {
    "id_no": "47",
    "zip_code": "77048",
    "neighborhood": "Crestmont Park, Minnetex ",
    "neighborhood_link": "https://www.unitedstateszipcodes.org/77048/",
    "org_city": "Houston",
    "org_county": "Harris",
    "org_county_city": "Harris | Houston",
    "org_county_city_zip_neighborhood": "Harris | Houston  |  77048 - Crestmont Park, Minnetex "
  },
  {
    "id_no": "48",
    "zip_code": "77049",
    "neighborhood": "Cloverleaf, Sheldon ",
    "neighborhood_link": "https://www.unitedstateszipcodes.org/77049/",
    "org_city": "Houston",
    "org_county": "Harris",
    "org_county_city": "Harris | Houston",
    "org_county_city_zip_neighborhood": "Harris | Houston  |  77049 - Cloverleaf, Sheldon "
  },
  {
    "id_no": "49",
    "zip_code": "77050",
    "neighborhood": "Greens Bayou, Fontaine Place ",
    "neighborhood_link": "https://www.unitedstateszipcodes.org/77050/",
    "org_city": "Houston",
    "org_county": "Harris",
    "org_county_city": "Harris | Houston",
    "org_county_city_zip_neighborhood": "Harris | Houston  |  77050 - Greens Bayou, Fontaine Place "
  },
  {
    "id_no": "50",
    "zip_code": "77051",
    "neighborhood": "Sunnyside, South Park ",
    "neighborhood_link": "https://www.unitedstateszipcodes.org/77051/",
    "org_city": "Houston",
    "org_county": "Harris",
    "org_county_city": "Harris | Houston",
    "org_county_city_zip_neighborhood": "Harris | Houston  |  77051 - Sunnyside, South Park "
  },
  {
    "id_no": "51",
    "zip_code": "77053",
    "neighborhood": "Fort Bend Houston, Briar Villa ",
    "neighborhood_link": "https://www.unitedstateszipcodes.org/77053/",
    "org_city": "Houston",
    "org_county": "Fort Bend",
    "org_county_city": "Fort Bend | Houston",
    "org_county_city_zip_neighborhood": "Fort Bend | Houston  |  77053 - Fort Bend Houston, Briar Villa "
  },
  {
    "id_no": "52",
    "zip_code": "77054",
    "neighborhood": "Astrodome, South Main ",
    "neighborhood_link": "https://www.unitedstateszipcodes.org/77054/",
    "org_city": "Houston",
    "org_county": "Harris",
    "org_county_city": "Harris | Houston",
    "org_county_city_zip_neighborhood": "Harris | Houston  |  77054 - Astrodome, South Main "
  },
  {
    "id_no": "53",
    "zip_code": "77055",
    "neighborhood": "Spring Branch East, Westview ",
    "neighborhood_link": "https://www.unitedstateszipcodes.org/77055/",
    "org_city": "Houston",
    "org_county": "Harris",
    "org_county_city": "Harris | Houston",
    "org_county_city_zip_neighborhood": "Harris | Houston  |  77055 - Spring Branch East, Westview "
  },
  {
    "id_no": "54",
    "zip_code": "77056",
    "neighborhood": "Galleria/Uptown, Tanglewood ",
    "neighborhood_link": "https://www.unitedstateszipcodes.org/77056/",
    "org_city": "Houston",
    "org_county": "Harris",
    "org_county_city": "Harris | Houston",
    "org_county_city_zip_neighborhood": "Harris | Houston  |  77056 - Galleria/Uptown, Tanglewood "
  },
  {
    "id_no": "55",
    "zip_code": "77057",
    "neighborhood": "Briargrove, Woodlake/Briarmeadow ",
    "neighborhood_link": "https://www.unitedstateszipcodes.org/77057/",
    "org_city": "Houston",
    "org_county": "Harris",
    "org_county_city": "Harris | Houston",
    "org_county_city_zip_neighborhood": "Harris | Houston  |  77057 - Briargrove, Woodlake/Briarmeadow "
  },
  {
    "id_no": "56",
    "zip_code": "77058",
    "neighborhood": "Clear Lake, Nassau Bay ",
    "neighborhood_link": "https://www.unitedstateszipcodes.org/77058/",
    "org_city": "Houston",
    "org_county": "Harris",
    "org_county_city": "Harris | Houston",
    "org_county_city_zip_neighborhood": "Harris | Houston  |  77058 - Clear Lake, Nassau Bay "
  },
  {
    "id_no": "57",
    "zip_code": "77059",
    "neighborhood": "Clear Lake, Pine Brook ",
    "neighborhood_link": "https://www.unitedstateszipcodes.org/77059/",
    "org_city": "Houston",
    "org_county": "Harris",
    "org_county_city": "Harris | Houston",
    "org_county_city_zip_neighborhood": "Harris | Houston  |  77059 - Clear Lake, Pine Brook "
  },
  {
    "id_no": "58",
    "zip_code": "77060",
    "neighborhood": "Greenspoint, Greater Greenspoint ",
    "neighborhood_link": "https://www.unitedstateszipcodes.org/77060/",
    "org_city": "Houston",
    "org_county": "Harris",
    "org_county_city": "Harris | Houston",
    "org_county_city_zip_neighborhood": "Harris | Houston  |  77060 - Greenspoint, Greater Greenspoint "
  },
  {
    "id_no": "59",
    "zip_code": "77061",
    "neighborhood": "Greater Hobby, Park Place ",
    "neighborhood_link": "https://www.unitedstateszipcodes.org/77061/",
    "org_city": "Houston",
    "org_county": "Harris",
    "org_county_city": "Harris | Houston",
    "org_county_city_zip_neighborhood": "Harris | Houston  |  77061 - Greater Hobby, Park Place "
  },
  {
    "id_no": "60",
    "zip_code": "77062",
    "neighborhood": "Clear Lake, Bay Forest ",
    "neighborhood_link": "https://www.unitedstateszipcodes.org/77062/",
    "org_city": "Houston",
    "org_county": "Harris",
    "org_county_city": "Harris | Houston",
    "org_county_city_zip_neighborhood": "Harris | Houston  |  77062 - Clear Lake, Bay Forest "
  },
  {
    "id_no": "61",
    "zip_code": "77063",
    "neighborhood": "Westheimer, Briarmeadow/Tanglewilde ",
    "neighborhood_link": "https://www.unitedstateszipcodes.org/77063/",
    "org_city": "Houston",
    "org_county": "Harris",
    "org_county_city": "Harris | Houston",
    "org_county_city_zip_neighborhood": "Harris | Houston  |  77063 - Westheimer, Briarmeadow/Tanglewilde "
  },
  {
    "id_no": "62",
    "zip_code": "77064",
    "neighborhood": "Willowbrook, Winchester ",
    "neighborhood_link": "https://www.unitedstateszipcodes.org/77064/",
    "org_city": "Houston",
    "org_county": "Harris",
    "org_county_city": "Harris | Houston",
    "org_county_city_zip_neighborhood": "Harris | Houston  |  77064 - Willowbrook, Winchester "
  },
  {
    "id_no": "63",
    "zip_code": "77065",
    "neighborhood": "Jersey Village, Cypress-Fairbanks ",
    "neighborhood_link": "https://www.unitedstateszipcodes.org/77065/",
    "org_city": "Houston",
    "org_county": "Harris",
    "org_county_city": "Harris | Houston",
    "org_county_city_zip_neighborhood": "Harris | Houston  |  77065 - Jersey Village, Cypress-Fairbanks "
  },
  {
    "id_no": "64",
    "zip_code": "77066",
    "neighborhood": "Greater Greenspoint, Northcliffe Manor ",
    "neighborhood_link": "https://www.unitedstateszipcodes.org/77066/",
    "org_city": "Houston",
    "org_county": "Harris",
    "org_county_city": "Harris | Houston",
    "org_county_city_zip_neighborhood": "Harris | Houston  |  77066 - Greater Greenspoint, Northcliffe Manor "
  },
  {
    "id_no": "65",
    "zip_code": "77067",
    "neighborhood": "Greenspoint, Greater Greenspoint ",
    "neighborhood_link": "https://www.unitedstateszipcodes.org/77067/",
    "org_city": "Houston",
    "org_county": "Harris",
    "org_county_city": "Harris | Houston",
    "org_county_city_zip_neighborhood": "Harris | Houston  |  77067 - Greenspoint, Greater Greenspoint "
  },
  {
    "id_no": "66",
    "zip_code": "77068",
    "neighborhood": "Northcliffe, Ponderosa Forest ",
    "neighborhood_link": "https://www.unitedstateszipcodes.org/77068/",
    "org_city": "Houston",
    "org_county": "Harris",
    "org_county_city": "Harris | Houston",
    "org_county_city_zip_neighborhood": "Harris | Houston  |  77068 - Northcliffe, Ponderosa Forest "
  },
  {
    "id_no": "67",
    "zip_code": "77069",
    "neighborhood": "Champions, Huntwick Forest ",
    "neighborhood_link": "https://www.unitedstateszipcodes.org/77069/",
    "org_city": "Houston",
    "org_county": "Harris",
    "org_county_city": "Harris | Houston",
    "org_county_city_zip_neighborhood": "Harris | Houston  |  77069 - Champions, Huntwick Forest "
  },
  {
    "id_no": "68",
    "zip_code": "77070",
    "neighborhood": "Willowbrook, Champion Forest ",
    "neighborhood_link": "https://www.unitedstateszipcodes.org/77070/",
    "org_city": "Houston",
    "org_county": "Harris",
    "org_county_city": "Harris | Houston",
    "org_county_city_zip_neighborhood": "Harris | Houston  |  77070 - Willowbrook, Champion Forest "
  },
  {
    "id_no": "69",
    "zip_code": "77071",
    "neighborhood": "Westbury, Fondren Gardens ",
    "neighborhood_link": "https://www.unitedstateszipcodes.org/77071/",
    "org_city": "Houston",
    "org_county": "Harris",
    "org_county_city": "Harris | Houston",
    "org_county_city_zip_neighborhood": "Harris | Houston  |  77071 - Westbury, Fondren Gardens "
  },
  {
    "id_no": "70",
    "zip_code": "77072",
    "neighborhood": "Alief, Sharpstown ",
    "neighborhood_link": "https://www.unitedstateszipcodes.org/77072/",
    "org_city": "Houston",
    "org_county": "Harris",
    "org_county_city": "Harris | Houston",
    "org_county_city_zip_neighborhood": "Harris | Houston  |  77072 - Alief, Sharpstown "
  },
  {
    "id_no": "71",
    "zip_code": "77073",
    "neighborhood": "Greenspoint, Aldine ",
    "neighborhood_link": "https://www.unitedstateszipcodes.org/77073/",
    "org_city": "Houston",
    "org_county": "Harris",
    "org_county_city": "Harris | Houston",
    "org_county_city_zip_neighborhood": "Harris | Houston  |  77073 - Greenspoint, Aldine "
  },
  {
    "id_no": "72",
    "zip_code": "77074",
    "neighborhood": "Sharpstown, Robindell ",
    "neighborhood_link": "https://www.unitedstateszipcodes.org/77074/",
    "org_city": "Houston",
    "org_county": "Harris",
    "org_county_city": "Harris | Houston",
    "org_county_city_zip_neighborhood": "Harris | Houston  |  77074 - Sharpstown, Robindell "
  },
  {
    "id_no": "73",
    "zip_code": "77075",
    "neighborhood": "Southbelt/Ellington, Allendale ",
    "neighborhood_link": "https://www.unitedstateszipcodes.org/77075/",
    "org_city": "Houston",
    "org_county": "Harris",
    "org_county_city": "Harris | Houston",
    "org_county_city_zip_neighborhood": "Harris | Houston  |  77075 - Southbelt/Ellington, Allendale "
  },
  {
    "id_no": "74",
    "zip_code": "77076",
    "neighborhood": "Northline, Independence Heights ",
    "neighborhood_link": "https://www.unitedstateszipcodes.org/77076/",
    "org_city": "Houston",
    "org_county": "Harris",
    "org_county_city": "Harris | Houston",
    "org_county_city_zip_neighborhood": "Harris | Houston  |  77076 - Northline, Independence Heights "
  },
  {
    "id_no": "75",
    "zip_code": "77077",
    "neighborhood": "Energy Corridor, Briarforest ",
    "neighborhood_link": "https://www.unitedstateszipcodes.org/77077/",
    "org_city": "Houston",
    "org_county": "Harris",
    "org_county_city": "Harris | Houston",
    "org_county_city_zip_neighborhood": "Harris | Houston  |  77077 - Energy Corridor, Briarforest "
  },
  {
    "id_no": "76",
    "zip_code": "77078",
    "neighborhood": "Northeast Houston, Settegast ",
    "neighborhood_link": "https://www.unitedstateszipcodes.org/77078/",
    "org_city": "Houston",
    "org_county": "Harris",
    "org_county_city": "Harris | Houston",
    "org_county_city_zip_neighborhood": "Harris | Houston  |  77078 - Northeast Houston, Settegast "
  },
  {
    "id_no": "77",
    "zip_code": "77079",
    "neighborhood": "Memorial, Nottingham Forest ",
    "neighborhood_link": "https://www.unitedstateszipcodes.org/77079/",
    "org_city": "Houston",
    "org_county": "Harris",
    "org_county_city": "Harris | Houston",
    "org_county_city_zip_neighborhood": "Harris | Houston  |  77079 - Memorial, Nottingham Forest "
  },
  {
    "id_no": "78",
    "zip_code": "77080",
    "neighborhood": "Spring Branch, Binglewood ",
    "neighborhood_link": "https://www.unitedstateszipcodes.org/77080/",
    "org_city": "Houston",
    "org_county": "Harris",
    "org_county_city": "Harris | Houston",
    "org_county_city_zip_neighborhood": "Harris | Houston  |  77080 - Spring Branch, Binglewood "
  },
  {
    "id_no": "79",
    "zip_code": "77081",
    "neighborhood": "Gulfton, Bellaire ",
    "neighborhood_link": "https://www.unitedstateszipcodes.org/77081/",
    "org_city": "Houston",
    "org_county": "Harris",
    "org_county_city": "Harris | Houston",
    "org_county_city_zip_neighborhood": "Harris | Houston  |  77081 - Gulfton, Bellaire "
  },
  {
    "id_no": "80",
    "zip_code": "77082",
    "neighborhood": "Alief, Eldridge/West Oaks ",
    "neighborhood_link": "https://www.unitedstateszipcodes.org/77082/",
    "org_city": "Houston",
    "org_county": "Harris",
    "org_county_city": "Harris | Houston",
    "org_county_city_zip_neighborhood": "Harris | Houston  |  77082 - Alief, Eldridge/West Oaks "
  },
  {
    "id_no": "81",
    "zip_code": "77083",
    "neighborhood": "Mission Bend, Alief ",
    "neighborhood_link": "https://www.unitedstateszipcodes.org/77083/",
    "org_city": "Houston",
    "org_county": "Harris",
    "org_county_city": "Harris | Houston",
    "org_county_city_zip_neighborhood": "Harris | Houston  |  77083 - Mission Bend, Alief "
  },
  {
    "id_no": "82",
    "zip_code": "77084",
    "neighborhood": "Bear Creek, Copperfield ",
    "neighborhood_link": "https://www.unitedstateszipcodes.org/77084/",
    "org_city": "Houston",
    "org_county": "Harris",
    "org_county_city": "Harris | Houston",
    "org_county_city_zip_neighborhood": "Harris | Houston  |  77084 - Bear Creek, Copperfield "
  },
  {
    "id_no": "83",
    "zip_code": "77085",
    "neighborhood": "Central Southwest, Willow Meadows/Willowbend ",
    "neighborhood_link": "https://www.unitedstateszipcodes.org/77085/",
    "org_city": "Houston",
    "org_county": "Harris",
    "org_county_city": "Harris | Houston",
    "org_county_city_zip_neighborhood": "Harris | Houston  |  77085 - Central Southwest, Willow Meadows/Willowbend "
  },
  {
    "id_no": "84",
    "zip_code": "77086",
    "neighborhood": "Greater Inwood, Carverdale ",
    "neighborhood_link": "https://www.unitedstateszipcodes.org/77086/",
    "org_city": "Houston",
    "org_county": "Harris",
    "org_county_city": "Harris | Houston",
    "org_county_city_zip_neighborhood": "Harris | Houston  |  77086 - Greater Inwood, Carverdale "
  },
  {
    "id_no": "85",
    "zip_code": "77087",
    "neighborhood": "Greater Hobby, Gulfgate/Pine Valley ",
    "neighborhood_link": "https://www.unitedstateszipcodes.org/77087/",
    "org_city": "Houston",
    "org_county": "Harris",
    "org_county_city": "Harris | Houston",
    "org_county_city_zip_neighborhood": "Harris | Houston  |  77087 - Greater Hobby, Gulfgate/Pine Valley "
  },
  {
    "id_no": "86",
    "zip_code": "77088",
    "neighborhood": "Acres Homes, Greater Inwood ",
    "neighborhood_link": "https://www.unitedstateszipcodes.org/77088/",
    "org_city": "Houston",
    "org_county": "Harris",
    "org_county_city": "Harris | Houston",
    "org_county_city_zip_neighborhood": "Harris | Houston  |  77088 - Acres Homes, Greater Inwood "
  },
  {
    "id_no": "87",
    "zip_code": "77089",
    "neighborhood": "Southbelt/Ellington, Sagemont ",
    "neighborhood_link": "https://www.unitedstateszipcodes.org/77089/",
    "org_city": "Houston",
    "org_county": "Harris",
    "org_county_city": "Harris | Houston",
    "org_county_city_zip_neighborhood": "Harris | Houston  |  77089 - Southbelt/Ellington, Sagemont "
  },
  {
    "id_no": "88",
    "zip_code": "77090",
    "neighborhood": "Greater Greenspoint, Ella Crossing ",
    "neighborhood_link": "https://www.unitedstateszipcodes.org/77090/",
    "org_city": "Houston",
    "org_county": "Harris",
    "org_county_city": "Harris | Houston",
    "org_county_city_zip_neighborhood": "Harris | Houston  |  77090 - Greater Greenspoint, Ella Crossing "
  },
  {
    "id_no": "89",
    "zip_code": "77091",
    "neighborhood": "Acres Homes, Greater Inwood ",
    "neighborhood_link": "https://www.unitedstateszipcodes.org/77091/",
    "org_city": "Houston",
    "org_county": "Harris",
    "org_county_city": "Harris | Houston",
    "org_county_city_zip_neighborhood": "Harris | Houston  |  77091 - Acres Homes, Greater Inwood "
  },
  {
    "id_no": "90",
    "zip_code": "77092",
    "neighborhood": "Oak Forest, Central Northwest ",
    "neighborhood_link": "https://www.unitedstateszipcodes.org/77092/",
    "org_city": "Houston",
    "org_county": "Harris",
    "org_county_city": "Harris | Houston",
    "org_county_city_zip_neighborhood": "Harris | Houston  |  77092 - Oak Forest, Central Northwest "
  },
  {
    "id_no": "91",
    "zip_code": "77093",
    "neighborhood": "Northside, Eastex/Jensen ",
    "neighborhood_link": "https://www.unitedstateszipcodes.org/77093/",
    "org_city": "Houston",
    "org_county": "Harris",
    "org_county_city": "Harris | Houston",
    "org_county_city_zip_neighborhood": "Harris | Houston  |  77093 - Northside, Eastex/Jensen "
  },
  {
    "id_no": "92",
    "zip_code": "77094",
    "neighborhood": "Energy Corridor, Barker Reservoir ",
    "neighborhood_link": "https://www.unitedstateszipcodes.org/77094/",
    "org_city": "Houston",
    "org_county": "Harris",
    "org_county_city": "Harris | Houston",
    "org_county_city_zip_neighborhood": "Harris | Houston  |  77094 - Energy Corridor, Barker Reservoir "
  },
  {
    "id_no": "93",
    "zip_code": "77095",
    "neighborhood": "Copperfield, Bear Creek/Copperfield ",
    "neighborhood_link": "https://www.unitedstateszipcodes.org/77095/",
    "org_city": "Houston",
    "org_county": "Harris",
    "org_county_city": "Harris | Houston",
    "org_county_city_zip_neighborhood": "Harris | Houston  |  77095 - Copperfield, Bear Creek/Copperfield "
  },
  {
    "id_no": "94",
    "zip_code": "77096",
    "neighborhood": "Meyerland, Willow Meadows ",
    "neighborhood_link": "https://www.unitedstateszipcodes.org/77096/",
    "org_city": "Houston",
    "org_county": "Harris",
    "org_county_city": "Harris | Houston",
    "org_county_city_zip_neighborhood": "Harris | Houston  |  77096 - Meyerland, Willow Meadows "
  },
  {
    "id_no": "95",
    "zip_code": "77098",
    "neighborhood": "Upper Kirby, Greenway Plaza ",
    "neighborhood_link": "https://www.unitedstateszipcodes.org/77098/",
    "org_city": "Houston",
    "org_county": "Harris",
    "org_county_city": "Harris | Houston",
    "org_county_city_zip_neighborhood": "Harris | Houston  |  77098 - Upper Kirby, Greenway Plaza "
  },
  {
    "id_no": "96",
    "zip_code": "77099",
    "neighborhood": "Alief, Bellaire West ",
    "neighborhood_link": "https://www.unitedstateszipcodes.org/77099/",
    "org_city": "Houston",
    "org_county": "Harris",
    "org_county_city": "Harris | Houston",
    "org_county_city_zip_neighborhood": "Harris | Houston  |  77099 - Alief, Bellaire West "
  },
  {
    "id_no": "97",
    "zip_code": "77242",
    "neighborhood": "Post Boxes",
    "neighborhood_link": "https://www.unitedstateszipcodes.org/77242/",
    "org_city": "Houston",
    "org_county": "Harris",
    "org_county_city": "Harris | Houston",
    "org_county_city_zip_neighborhood": "Harris | Houston  |  77242 - Post Boxes"
  },
  {
    "id_no": "98",
    "zip_code": "77257",
    "neighborhood": "PO Boxes ",
    "neighborhood_link": "https://www.unitedstateszipcodes.org/77257/",
    "org_city": "Houston",
    "org_county": "Harris",
    "org_county_city": "Harris | Houston",
    "org_county_city_zip_neighborhood": "Harris | Houston  |  77257 - PO Boxes "
  },
  {
    "id_no": "99",
    "zip_code": "77277",
    "neighborhood": "PO Boxes ",
    "neighborhood_link": "https://www.unitedstateszipcodes.org/77277/",
    "org_city": "Houston",
    "org_county": "Harris",
    "org_county_city": "Harris | Houston",
    "org_county_city_zip_neighborhood": "Harris | Houston  |  77277 - PO Boxes "
  },
  {
    "id_no": "100",
    "zip_code": "77279",
    "neighborhood": "PO Boxes ",
    "neighborhood_link": "https://www.unitedstateszipcodes.org/77279/",
    "org_city": "Houston",
    "org_county": "Harris",
    "org_county_city": "Harris | Houston",
    "org_county_city_zip_neighborhood": "Harris | Houston  |  77279 - PO Boxes "
  },
  {
    "id_no": "101",
    "zip_code": "77301",
    "neighborhood": "Conroe, River Plantation ",
    "neighborhood_link": "https://www.unitedstateszipcodes.org/77301/",
    "org_city": "Conroe",
    "org_county": "Montgomery",
    "org_county_city": "Montgomery | Conroe",
    "org_county_city_zip_neighborhood": "Montgomery | Conroe  |  77301 - Conroe, River Plantation "
  },
  {
    "id_no": "102",
    "zip_code": "77302",
    "neighborhood": "Conroe, River Plantation ",
    "neighborhood_link": "https://www.unitedstateszipcodes.org/77302/",
    "org_city": "Conroe",
    "org_county": "Montgomery",
    "org_county_city": "Montgomery | Conroe",
    "org_county_city_zip_neighborhood": "Montgomery | Conroe  |  77302 - Conroe, River Plantation "
  },
  {
    "id_no": "103",
    "zip_code": "77303",
    "neighborhood": "Conroe, River Plantation ",
    "neighborhood_link": "https://www.unitedstateszipcodes.org/77303/",
    "org_city": "Conroe",
    "org_county": "Montgomery",
    "org_county_city": "Montgomery | Conroe",
    "org_county_city_zip_neighborhood": "Montgomery | Conroe  |  77303 - Conroe, River Plantation "
  },
  {
    "id_no": "104",
    "zip_code": "77304",
    "neighborhood": "Conroe, River Plantation ",
    "neighborhood_link": "https://www.unitedstateszipcodes.org/77304/",
    "org_city": "Conroe",
    "org_county": "Montgomery",
    "org_county_city": "Montgomery | Conroe",
    "org_county_city_zip_neighborhood": "Montgomery | Conroe  |  77304 - Conroe, River Plantation "
  },
  {
    "id_no": "105",
    "zip_code": "77305",
    "neighborhood": "Conroe, River Plantation ",
    "neighborhood_link": "https://www.unitedstateszipcodes.org/77305/",
    "org_city": "Conroe",
    "org_county": "Montgomery",
    "org_county_city": "Montgomery | Conroe",
    "org_county_city_zip_neighborhood": "Montgomery | Conroe  |  77305 - Conroe, River Plantation "
  },
  {
    "id_no": "106",
    "zip_code": "77306",
    "neighborhood": "Conroe, River Plantation ",
    "neighborhood_link": "https://www.unitedstateszipcodes.org/77306/",
    "org_city": "Conroe",
    "org_county": "Montgomery",
    "org_county_city": "Montgomery | Conroe",
    "org_county_city_zip_neighborhood": "Montgomery | Conroe  |  77306 - Conroe, River Plantation "
  },
  {
    "id_no": "107",
    "zip_code": "77316",
    "neighborhood": "Montgomery, Lake Conroe ",
    "neighborhood_link": "https://www.unitedstateszipcodes.org/77316/",
    "org_city": "Montgomery",
    "org_county": "Montgomery",
    "org_county_city": "Montgomery | Montgomery",
    "org_county_city_zip_neighborhood": "Montgomery | Montgomery  |  77316 - Montgomery, Lake Conroe "
  },
  {
    "id_no": "108",
    "zip_code": "77318",
    "neighborhood": "Montgomery, Lake Conroe ",
    "neighborhood_link": "https://www.unitedstateszipcodes.org/77318/",
    "org_city": "Montgomery",
    "org_county": "Montgomery",
    "org_county_city": "Montgomery | Montgomery",
    "org_county_city_zip_neighborhood": "Montgomery | Montgomery  |  77318 - Montgomery, Lake Conroe "
  },
  {
    "id_no": "109",
    "zip_code": "77320",
    "neighborhood": "Hunstville",
    "neighborhood_link": "https://www.unitedstateszipcodes.org/77320/",
    "org_city": "Huntsville",
    "org_county": "Walker",
    "org_county_city": "Walker | Huntsville",
    "org_county_city_zip_neighborhood": "Walker | Huntsville  |  77320 - Hunstville"
  },
  {
    "id_no": "110",
    "zip_code": "77327",
    "neighborhood": "Cleveland ",
    "neighborhood_link": "https://www.unitedstateszipcodes.org/77327/",
    "org_city": "Cleveland",
    "org_county": "Liberty",
    "org_county_city": "Liberty | Cleveland",
    "org_county_city_zip_neighborhood": "Liberty | Cleveland  |  77327 - Cleveland "
  },
  {
    "id_no": "111",
    "zip_code": "77328",
    "neighborhood": "Cleveland ",
    "neighborhood_link": "https://www.unitedstateszipcodes.org/77328/",
    "org_city": "Cleveland",
    "org_county": "Montgomery",
    "org_county_city": "Montgomery | Cleveland",
    "org_county_city_zip_neighborhood": "Montgomery | Cleveland  |  77328 - Cleveland "
  },
  {
    "id_no": "112",
    "zip_code": "77333",
    "neighborhood": "Dobbin",
    "neighborhood_link": "https://www.unitedstateszipcodes.org/77333/",
    "org_city": "Dobbin",
    "org_county": "Montgomery",
    "org_county_city": "Montgomery | Dobbin",
    "org_county_city_zip_neighborhood": "Montgomery | Dobbin  |  77333 - Dobbin"
  },
  {
    "id_no": "113",
    "zip_code": "77334",
    "neighborhood": "Dodge",
    "neighborhood_link": "https://www.unitedstateszipcodes.org/77334/",
    "org_city": "Dodge",
    "org_county": "Walker",
    "org_county_city": "Walker | Dodge",
    "org_county_city_zip_neighborhood": "Walker | Dodge  |  77334 - Dodge"
  },
  {
    "id_no": "114",
    "zip_code": "77336",
    "neighborhood": "Huffman ",
    "neighborhood_link": "https://www.unitedstateszipcodes.org/77336/",
    "org_city": "Huffman",
    "org_county": "Harris",
    "org_county_city": "Harris | Huffman",
    "org_county_city_zip_neighborhood": "Harris | Huffman  |  77336 - Huffman "
  },
  {
    "id_no": "115",
    "zip_code": "77338",
    "neighborhood": "Humble ",
    "neighborhood_link": "https://www.unitedstateszipcodes.org/77338/",
    "org_city": "Humble",
    "org_county": "Harris",
    "org_county_city": "Harris | Humble",
    "org_county_city_zip_neighborhood": "Harris | Humble  |  77338 - Humble "
  },
  {
    "id_no": "116",
    "zip_code": "77339",
    "neighborhood": "Kingwood ",
    "neighborhood_link": "https://www.unitedstateszipcodes.org/77339/",
    "org_city": "Kingwood",
    "org_county": "Harris",
    "org_county_city": "Harris | Kingwood",
    "org_county_city_zip_neighborhood": "Harris | Kingwood  |  77339 - Kingwood "
  },
  {
    "id_no": "117",
    "zip_code": "77340",
    "neighborhood": "Huntsville, Phelps",
    "neighborhood_link": "https://www.unitedstateszipcodes.org/77340/",
    "org_city": "Huntsville",
    "org_county": "Walker",
    "org_county_city": "Walker | Huntsville",
    "org_county_city_zip_neighborhood": "Walker | Huntsville  |  77340 - Huntsville, Phelps"
  },
  {
    "id_no": "118",
    "zip_code": "77341",
    "neighborhood": "Huntsville",
    "neighborhood_link": "https://www.unitedstateszipcodes.org/77341/",
    "org_city": "Huntsville",
    "org_county": "Walker",
    "org_county_city": "Walker | Huntsville",
    "org_county_city_zip_neighborhood": "Walker | Huntsville  |  77341 - Huntsville"
  },
  {
    "id_no": "119",
    "zip_code": "77342",
    "neighborhood": "Huntsville",
    "neighborhood_link": "https://www.unitedstateszipcodes.org/77342/",
    "org_city": "Huntsville",
    "org_county": "Walker",
    "org_county_city": "Walker | Huntsville",
    "org_county_city_zip_neighborhood": "Walker | Huntsville  |  77342 - Huntsville"
  },
  {
    "id_no": "120",
    "zip_code": "77345",
    "neighborhood": "Kingwood ",
    "neighborhood_link": "https://www.unitedstateszipcodes.org/77345/",
    "org_city": "Kingwood",
    "org_county": "Harris",
    "org_county_city": "Harris | Kingwood",
    "org_county_city_zip_neighborhood": "Harris | Kingwood  |  77345 - Kingwood "
  },
  {
    "id_no": "121",
    "zip_code": "77346",
    "neighborhood": "Atascocita ",
    "neighborhood_link": "https://www.unitedstateszipcodes.org/77346/",
    "org_city": "Atascocita",
    "org_county": "Harris",
    "org_county_city": "Harris | Atascocita",
    "org_county_city_zip_neighborhood": "Harris | Atascocita  |  77346 - Atascocita "
  },
  {
    "id_no": "122",
    "zip_code": "77347",
    "neighborhood": "Humble ",
    "neighborhood_link": "https://www.unitedstateszipcodes.org/77347/",
    "org_city": "Humble",
    "org_county": "Harris",
    "org_county_city": "Harris | Humble",
    "org_county_city_zip_neighborhood": "Harris | Humble  |  77347 - Humble "
  },
  {
    "id_no": "123",
    "zip_code": "77353",
    "neighborhood": "Magnolia ",
    "neighborhood_link": "https://www.unitedstateszipcodes.org/77353/",
    "org_city": "Magnolia",
    "org_county": "Montgomery",
    "org_county_city": "Montgomery | Magnolia",
    "org_county_city_zip_neighborhood": "Montgomery | Magnolia  |  77353 - Magnolia "
  },
  {
    "id_no": "124",
    "zip_code": "77354",
    "neighborhood": "Magnolia ",
    "neighborhood_link": "https://www.unitedstateszipcodes.org/77354/",
    "org_city": "Magnolia",
    "org_county": "Montgomery",
    "org_county_city": "Montgomery | Magnolia",
    "org_county_city_zip_neighborhood": "Montgomery | Magnolia  |  77354 - Magnolia "
  },
  {
    "id_no": "125",
    "zip_code": "77355",
    "neighborhood": "Magnolia ",
    "neighborhood_link": "https://www.unitedstateszipcodes.org/77355/",
    "org_city": "Magnolia",
    "org_county": "Montgomery",
    "org_county_city": "Montgomery | Magnolia",
    "org_county_city_zip_neighborhood": "Montgomery | Magnolia  |  77355 - Magnolia "
  },
  {
    "id_no": "126",
    "zip_code": "77356",
    "neighborhood": "Montgomery ",
    "neighborhood_link": "https://www.unitedstateszipcodes.org/77356/",
    "org_city": "Montgomery",
    "org_county": "Montgomery",
    "org_county_city": "Montgomery | Montgomery",
    "org_county_city_zip_neighborhood": "Montgomery | Montgomery  |  77356 - Montgomery "
  },
  {
    "id_no": "127",
    "zip_code": "77357",
    "neighborhood": "New Caney ",
    "neighborhood_link": "https://www.unitedstateszipcodes.org/77357/",
    "org_city": "New Caney",
    "org_county": "Harris",
    "org_county_city": "Harris | New Caney",
    "org_county_city_zip_neighborhood": "Harris | New Caney  |  77357 - New Caney "
  },
  {
    "id_no": "128",
    "zip_code": "77358",
    "neighborhood": "New Waverly",
    "neighborhood_link": "https://www.unitedstateszipcodes.org/77358/",
    "org_city": "New Waverly",
    "org_county": "Walker",
    "org_county_city": "Walker | New Waverly",
    "org_county_city_zip_neighborhood": "Walker | New Waverly  |  77358 - New Waverly"
  },
  {
    "id_no": "129",
    "zip_code": "77362",
    "neighborhood": "Pinehurst ",
    "neighborhood_link": "https://www.unitedstateszipcodes.org/77362/",
    "org_city": "Pinehurst",
    "org_county": "Montgomery",
    "org_county_city": "Montgomery | Pinehurst",
    "org_county_city_zip_neighborhood": "Montgomery | Pinehurst  |  77362 - Pinehurst "
  },
  {
    "id_no": "130",
    "zip_code": "77363",
    "neighborhood": "Plantersville ",
    "neighborhood_link": "https://www.unitedstateszipcodes.org/77363/",
    "org_city": "Plantersville",
    "org_county": "Grimes",
    "org_county_city": "Grimes | Plantersville",
    "org_county_city_zip_neighborhood": "Grimes | Plantersville  |  77363 - Plantersville "
  },
  {
    "id_no": "131",
    "zip_code": "77365",
    "neighborhood": "Porter ",
    "neighborhood_link": "https://www.unitedstateszipcodes.org/77365/",
    "org_city": "Porter",
    "org_county": "Harris",
    "org_county_city": "Harris | Porter",
    "org_county_city_zip_neighborhood": "Harris | Porter  |  77365 - Porter "
  },
  {
    "id_no": "132",
    "zip_code": "77367",
    "neighborhood": "Riverside",
    "neighborhood_link": "https://www.unitedstateszipcodes.org/77367/",
    "org_city": "Riverside",
    "org_county": "Walker",
    "org_county_city": "Walker | Riverside",
    "org_county_city_zip_neighborhood": "Walker | Riverside  |  77367 - Riverside"
  },
  {
    "id_no": "133",
    "zip_code": "77372",
    "neighborhood": "Splendora ",
    "neighborhood_link": "https://www.unitedstateszipcodes.org/77372/",
    "org_city": "Splendora",
    "org_county": "Montgomery",
    "org_county_city": "Montgomery | Splendora",
    "org_county_city_zip_neighborhood": "Montgomery | Splendora  |  77372 - Splendora "
  },
  {
    "id_no": "134",
    "zip_code": "77373",
    "neighborhood": "Spring ",
    "neighborhood_link": "https://www.unitedstateszipcodes.org/77373/",
    "org_city": "Spring",
    "org_county": "Harris",
    "org_county_city": "Harris | Spring",
    "org_county_city_zip_neighborhood": "Harris | Spring  |  77373 - Spring "
  },
  {
    "id_no": "135",
    "zip_code": "77375",
    "neighborhood": "Tomball ",
    "neighborhood_link": "https://www.unitedstateszipcodes.org/77375/",
    "org_city": "Tomball",
    "org_county": "Harris",
    "org_county_city": "Harris | Tomball",
    "org_county_city_zip_neighborhood": "Harris | Tomball  |  77375 - Tomball "
  },
  {
    "id_no": "136",
    "zip_code": "77377",
    "neighborhood": "Tomball ",
    "neighborhood_link": "https://www.unitedstateszipcodes.org/77377/",
    "org_city": "Tomball",
    "org_county": "Harris",
    "org_county_city": "Harris | Tomball",
    "org_county_city_zip_neighborhood": "Harris | Tomball  |  77377 - Tomball "
  },
  {
    "id_no": "137",
    "zip_code": "77378",
    "neighborhood": "Willis ",
    "neighborhood_link": "https://www.unitedstateszipcodes.org/77378/",
    "org_city": "Willis",
    "org_county": "Montgomery",
    "org_county_city": "Montgomery | Willis",
    "org_county_city_zip_neighborhood": "Montgomery | Willis  |  77378 - Willis "
  },
  {
    "id_no": "138",
    "zip_code": "77379",
    "neighborhood": "Spring ",
    "neighborhood_link": "https://www.unitedstateszipcodes.org/77379/",
    "org_city": "Spring",
    "org_county": "Harris",
    "org_county_city": "Harris | Spring",
    "org_county_city_zip_neighborhood": "Harris | Spring  |  77379 - Spring "
  },
  {
    "id_no": "139",
    "zip_code": "77380",
    "neighborhood": "The Woodlands ",
    "neighborhood_link": "https://www.unitedstateszipcodes.org/77380/",
    "org_city": "The Woodlands",
    "org_county": "Montgomery",
    "org_county_city": "Montgomery | The Woodlands",
    "org_county_city_zip_neighborhood": "Montgomery | The Woodlands  |  77380 - The Woodlands "
  },
  {
    "id_no": "140",
    "zip_code": "77381",
    "neighborhood": "The Woodlands ",
    "neighborhood_link": "https://www.unitedstateszipcodes.org/77381/",
    "org_city": "The Woodlands",
    "org_county": "Montgomery",
    "org_county_city": "Montgomery | The Woodlands",
    "org_county_city_zip_neighborhood": "Montgomery | The Woodlands  |  77381 - The Woodlands "
  },
  {
    "id_no": "141",
    "zip_code": "77382",
    "neighborhood": "The Woodlands ",
    "neighborhood_link": "https://www.unitedstateszipcodes.org/77382/",
    "org_city": "The Woodlands",
    "org_county": "Montgomery",
    "org_county_city": "Montgomery | The Woodlands",
    "org_county_city_zip_neighborhood": "Montgomery | The Woodlands  |  77382 - The Woodlands "
  },
  {
    "id_no": "142",
    "zip_code": "77383",
    "neighborhood": "Spring",
    "neighborhood_link": "https://www.unitedstateszipcodes.org/77383/",
    "org_city": "Spring",
    "org_county": "Harris",
    "org_county_city": "Harris | Spring",
    "org_county_city_zip_neighborhood": "Harris | Spring  |  77383 - Spring"
  },
  {
    "id_no": "143",
    "zip_code": "77384",
    "neighborhood": "Conroe ",
    "neighborhood_link": "https://www.unitedstateszipcodes.org/77384/",
    "org_city": "Conroe",
    "org_county": "Montgomery",
    "org_county_city": "Montgomery | Conroe",
    "org_county_city_zip_neighborhood": "Montgomery | Conroe  |  77384 - Conroe "
  },
  {
    "id_no": "144",
    "zip_code": "77385",
    "neighborhood": "Spring ",
    "neighborhood_link": "https://www.unitedstateszipcodes.org/77385/",
    "org_city": "Spring",
    "org_county": "Montgomery",
    "org_county_city": "Montgomery | Spring",
    "org_county_city_zip_neighborhood": "Montgomery | Spring  |  77385 - Spring "
  },
  {
    "id_no": "145",
    "zip_code": "77386",
    "neighborhood": "Spring ",
    "neighborhood_link": "https://www.unitedstateszipcodes.org/77386/",
    "org_city": "Spring",
    "org_county": "Montgomery",
    "org_county_city": "Montgomery | Spring",
    "org_county_city_zip_neighborhood": "Montgomery | Spring  |  77386 - Spring "
  },
  {
    "id_no": "146",
    "zip_code": "77387",
    "neighborhood": "Spring",
    "neighborhood_link": "https://www.unitedstateszipcodes.org/77387/",
    "org_city": "Spring",
    "org_county": "Harris",
    "org_county_city": "Harris | Spring",
    "org_county_city_zip_neighborhood": "Harris | Spring  |  77387 - Spring"
  },
  {
    "id_no": "147",
    "zip_code": "77388",
    "neighborhood": "Spring ",
    "neighborhood_link": "https://www.unitedstateszipcodes.org/77388/",
    "org_city": "Spring",
    "org_county": "Harris",
    "org_county_city": "Harris | Spring",
    "org_county_city_zip_neighborhood": "Harris | Spring  |  77388 - Spring "
  },
  {
    "id_no": "148",
    "zip_code": "77389",
    "neighborhood": "Spring ",
    "neighborhood_link": "https://www.unitedstateszipcodes.org/77389/",
    "org_city": "Spring",
    "org_county": "Harris",
    "org_county_city": "Harris | Spring",
    "org_county_city_zip_neighborhood": "Harris | Spring  |  77389 - Spring "
  },
  {
    "id_no": "149",
    "zip_code": "77393",
    "neighborhood": "The Woodlands ",
    "neighborhood_link": "https://www.unitedstateszipcodes.org/77393/",
    "org_city": "The Woodlands",
    "org_county": "Harris",
    "org_county_city": "Harris | The Woodlands",
    "org_county_city_zip_neighborhood": "Harris | The Woodlands  |  77393 - The Woodlands "
  },
  {
    "id_no": "150",
    "zip_code": "77396",
    "neighborhood": "Humble ",
    "neighborhood_link": "https://www.unitedstateszipcodes.org/77396/",
    "org_city": "Humble",
    "org_county": "Harris",
    "org_county_city": "Harris | Humble",
    "org_county_city_zip_neighborhood": "Harris | Humble  |  77396 - Humble "
  },
  {
    "id_no": "151",
    "zip_code": "77401",
    "neighborhood": "Bellaire ",
    "neighborhood_link": "https://www.unitedstateszipcodes.org/77401/",
    "org_city": "Bellaire",
    "org_county": "Harris",
    "org_county_city": "Harris | Bellaire",
    "org_county_city_zip_neighborhood": "Harris | Bellaire  |  77401 - Bellaire "
  },
  {
    "id_no": "152",
    "zip_code": "77406",
    "neighborhood": "Richmond ",
    "neighborhood_link": "https://www.unitedstateszipcodes.org/77406/",
    "org_city": "Richmond",
    "org_county": "Fort Bend",
    "org_county_city": "Fort Bend | Richmond",
    "org_county_city_zip_neighborhood": "Fort Bend | Richmond  |  77406 - Richmond "
  },
  {
    "id_no": "153",
    "zip_code": "77407",
    "neighborhood": "Richmond ",
    "neighborhood_link": "https://www.unitedstateszipcodes.org/77407/",
    "org_city": "Richmond",
    "org_county": "Fort Bend",
    "org_county_city": "Fort Bend | Richmond",
    "org_county_city_zip_neighborhood": "Fort Bend | Richmond  |  77407 - Richmond "
  },
  {
    "id_no": "154",
    "zip_code": "77410",
    "neighborhood": "Cypress ",
    "neighborhood_link": "https://www.unitedstateszipcodes.org/77410/",
    "org_city": "Cypress",
    "org_county": "Harris",
    "org_county_city": "Harris | Cypress",
    "org_county_city_zip_neighborhood": "Harris | Cypress  |  77410 - Cypress "
  },
  {
    "id_no": "155",
    "zip_code": "77417",
    "neighborhood": "Beasley",
    "neighborhood_link": "https://www.unitedstateszipcodes.org/77417/",
    "org_city": "Beasley",
    "org_county": "Fort Bend",
    "org_county_city": "Fort Bend | Beasley",
    "org_county_city_zip_neighborhood": "Fort Bend | Beasley  |  77417 - Beasley"
  },
  {
    "id_no": "156",
    "zip_code": "77418",
    "neighborhood": "Bellville, Kenney, Burleigh, Buckhorn, Nelsonville",
    "neighborhood_link": "https://www.unitedstateszipcodes.org/77418/",
    "org_city": "Bellville",
    "org_county": "Austin",
    "org_county_city": "Austin | Bellville",
    "org_county_city_zip_neighborhood": "Austin | Bellville  |  77418 - Bellville, Kenney, Burleigh, Buckhorn, Nelsonville"
  },
  {
    "id_no": "157",
    "zip_code": "77422",
    "neighborhood": "Bazoria, Cedar Lake, Wild Peach Village",
    "neighborhood_link": "https://www.unitedstateszipcodes.org/77422/",
    "org_city": "Brookshire",
    "org_county": "Brazoria",
    "org_county_city": "Brazoria | Brookshire",
    "org_county_city_zip_neighborhood": "Brazoria | Brookshire  |  77422 - Bazoria, Cedar Lake, Wild Peach Village"
  },
  {
    "id_no": "158",
    "zip_code": "77423",
    "neighborhood": "Brookshire ",
    "neighborhood_link": "https://www.unitedstateszipcodes.org/77423/",
    "org_city": "Brookshire",
    "org_county": "Fort Bend",
    "org_county_city": "Fort Bend | Brookshire",
    "org_county_city_zip_neighborhood": "Fort Bend | Brookshire  |  77423 - Brookshire "
  },
  {
    "id_no": "159",
    "zip_code": "77426",
    "neighborhood": "Chappell Hill",
    "neighborhood_link": "https://www.unitedstateszipcodes.org/77426/",
    "org_city": "Chappell Hill",
    "org_county": "Washington",
    "org_county_city": "Washington | Chappell Hill",
    "org_county_city_zip_neighborhood": "Washington | Chappell Hill  |  77426 - Chappell Hill"
  },
  {
    "id_no": "160",
    "zip_code": "77428",
    "neighborhood": "Collegeport",
    "neighborhood_link": "https://www.unitedstateszipcodes.org/77428/",
    "org_city": "Collegeport",
    "org_county": "Matagorda",
    "org_county_city": "Matagorda | Collegeport",
    "org_county_city_zip_neighborhood": "Matagorda | Collegeport  |  77428 - Collegeport"
  },
  {
    "id_no": "161",
    "zip_code": "77429",
    "neighborhood": "Cypress ",
    "neighborhood_link": "https://www.unitedstateszipcodes.org/77429/",
    "org_city": "Cypress",
    "org_county": "Harris",
    "org_county_city": "Harris | Cypress",
    "org_county_city_zip_neighborhood": "Harris | Cypress  |  77429 - Cypress "
  },
  {
    "id_no": "162",
    "zip_code": "77430",
    "neighborhood": "Danbury ",
    "neighborhood_link": "https://www.unitedstateszipcodes.org/77430/",
    "org_city": "Danbury",
    "org_county": "Fort Bend",
    "org_county_city": "Fort Bend | Danbury",
    "org_county_city_zip_neighborhood": "Fort Bend | Danbury  |  77430 - Danbury "
  },
  {
    "id_no": "163",
    "zip_code": "77433",
    "neighborhood": "Cypress ",
    "neighborhood_link": "https://www.unitedstateszipcodes.org/77433/",
    "org_city": "Cypress",
    "org_county": "Harris",
    "org_county_city": "Harris | Cypress",
    "org_county_city_zip_neighborhood": "Harris | Cypress  |  77433 - Cypress "
  },
  {
    "id_no": "164",
    "zip_code": "77441",
    "neighborhood": "Fulshear ",
    "neighborhood_link": "https://www.unitedstateszipcodes.org/77441/",
    "org_city": "Fulshear",
    "org_county": "Fort Bend",
    "org_county_city": "Fort Bend | Fulshear",
    "org_county_city_zip_neighborhood": "Fort Bend | Fulshear  |  77441 - Fulshear "
  },
  {
    "id_no": "165",
    "zip_code": "77444",
    "neighborhood": "Guy",
    "neighborhood_link": "https://www.unitedstateszipcodes.org/77444/",
    "org_city": "Guy",
    "org_county": "Fort Bend",
    "org_county_city": "Fort Bend | Guy",
    "org_county_city_zip_neighborhood": "Fort Bend | Guy  |  77444 - Guy"
  },
  {
    "id_no": "166",
    "zip_code": "77445",
    "neighborhood": "Hempstead ",
    "neighborhood_link": "https://www.unitedstateszipcodes.org/77445/",
    "org_city": "Hempstead",
    "org_county": "Waller",
    "org_county_city": "Waller | Hempstead",
    "org_county_city_zip_neighborhood": "Waller | Hempstead  |  77445 - Hempstead "
  },
  {
    "id_no": "167",
    "zip_code": "77446",
    "neighborhood": "Lissie ",
    "neighborhood_link": "https://www.unitedstateszipcodes.org/77446/",
    "org_city": "Lissie",
    "org_county": "Waller",
    "org_county_city": "Waller | Lissie",
    "org_county_city_zip_neighborhood": "Waller | Lissie  |  77446 - Lissie "
  },
  {
    "id_no": "168",
    "zip_code": "77447",
    "neighborhood": "Hockley ",
    "neighborhood_link": "https://www.unitedstateszipcodes.org/77447/",
    "org_city": "Hockley",
    "org_county": "Harris",
    "org_county_city": "Harris | Hockley",
    "org_county_city_zip_neighborhood": "Harris | Hockley  |  77447 - Hockley "
  },
  {
    "id_no": "169",
    "zip_code": "77449",
    "neighborhood": "Katy ",
    "neighborhood_link": "https://www.unitedstateszipcodes.org/77449/",
    "org_city": "Katy",
    "org_county": "Harris",
    "org_county_city": "Harris | Katy",
    "org_county_city_zip_neighborhood": "Harris | Katy  |  77449 - Katy "
  },
  {
    "id_no": "170",
    "zip_code": "77450",
    "neighborhood": "Katy ",
    "neighborhood_link": "https://www.unitedstateszipcodes.org/77450/",
    "org_city": "Katy",
    "org_county": "Harris",
    "org_county_city": "Harris | Katy",
    "org_county_city_zip_neighborhood": "Harris | Katy  |  77450 - Katy "
  },
  {
    "id_no": "171",
    "zip_code": "77451",
    "neighborhood": "Kendleton",
    "neighborhood_link": "https://www.unitedstateszipcodes.org/77451/",
    "org_city": "Kendleton",
    "org_county": "Fort Bend",
    "org_county_city": "Fort Bend | Kendleton",
    "org_county_city_zip_neighborhood": "Fort Bend | Kendleton  |  77451 - Kendleton"
  },
  {
    "id_no": "172",
    "zip_code": "77452",
    "neighborhood": "Kenney ",
    "neighborhood_link": "https://www.unitedstateszipcodes.org/77452/",
    "org_city": "Kenney",
    "org_county": "Austin",
    "org_county_city": "Austin | Kenney",
    "org_county_city_zip_neighborhood": "Austin | Kenney  |  77452 - Kenney "
  },
  {
    "id_no": "173",
    "zip_code": "77459",
    "neighborhood": "Missouri City ",
    "neighborhood_link": "https://www.unitedstateszipcodes.org/77459/",
    "org_city": "Missouri City",
    "org_county": "Fort Bend",
    "org_county_city": "Fort Bend | Missouri City",
    "org_county_city_zip_neighborhood": "Fort Bend | Missouri City  |  77459 - Missouri City "
  },
  {
    "id_no": "174",
    "zip_code": "77461",
    "neighborhood": "Needville ",
    "neighborhood_link": "https://www.unitedstateszipcodes.org/77461/",
    "org_city": "Needville",
    "org_county": "Fort Bend",
    "org_county_city": "Fort Bend | Needville",
    "org_county_city_zip_neighborhood": "Fort Bend | Needville  |  77461 - Needville "
  },
  {
    "id_no": "175",
    "zip_code": "77464",
    "neighborhood": "Orchard",
    "neighborhood_link": "https://www.unitedstateszipcodes.org/77464/",
    "org_city": "Orchard",
    "org_county": "Fort Bend",
    "org_county_city": "Fort Bend | Orchard",
    "org_county_city_zip_neighborhood": "Fort Bend | Orchard  |  77464 - Orchard"
  },
  {
    "id_no": "176",
    "zip_code": "77466",
    "neighborhood": "Pierce ",
    "neighborhood_link": "https://www.unitedstateszipcodes.org/77466/",
    "org_city": "Pierce",
    "org_county": "Waller",
    "org_county_city": "Waller | Pierce",
    "org_county_city_zip_neighborhood": "Waller | Pierce  |  77466 - Pierce "
  },
  {
    "id_no": "177",
    "zip_code": "77469",
    "neighborhood": "Richmond ",
    "neighborhood_link": "https://www.unitedstateszipcodes.org/77469/",
    "org_city": "Richmond",
    "org_county": "Fort Bend",
    "org_county_city": "Fort Bend | Richmond",
    "org_county_city_zip_neighborhood": "Fort Bend | Richmond  |  77469 - Richmond "
  },
  {
    "id_no": "178",
    "zip_code": "77471",
    "neighborhood": "Rosenberg ",
    "neighborhood_link": "https://www.unitedstateszipcodes.org/77471/",
    "org_city": "Rosenberg",
    "org_county": "Fort Bend",
    "org_county_city": "Fort Bend | Rosenberg",
    "org_county_city_zip_neighborhood": "Fort Bend | Rosenberg  |  77471 - Rosenberg "
  },
  {
    "id_no": "179",
    "zip_code": "77474",
    "neighborhood": "Sealy, San Felipe, Brazos Country",
    "neighborhood_link": "https://www.unitedstateszipcodes.org/77474/",
    "org_city": "Sealy",
    "org_county": "Austin",
    "org_county_city": "Austin | Sealy",
    "org_county_city_zip_neighborhood": "Austin | Sealy  |  77474 - Sealy, San Felipe, Brazos Country"
  },
  {
    "id_no": "180",
    "zip_code": "77476",
    "neighborhood": "Sealy ",
    "neighborhood_link": "https://www.unitedstateszipcodes.org/77476/",
    "org_city": "Sealy",
    "org_county": "Fort Bend",
    "org_county_city": "Fort Bend | Sealy",
    "org_county_city_zip_neighborhood": "Fort Bend | Sealy  |  77476 - Sealy "
  },
  {
    "id_no": "181",
    "zip_code": "77477",
    "neighborhood": "Stafford ",
    "neighborhood_link": "https://www.unitedstateszipcodes.org/77477/",
    "org_city": "Stafford",
    "org_county": "Fort Bend",
    "org_county_city": "Fort Bend | Stafford",
    "org_county_city_zip_neighborhood": "Fort Bend | Stafford  |  77477 - Stafford "
  },
  {
    "id_no": "182",
    "zip_code": "77478",
    "neighborhood": "Sugar Land ",
    "neighborhood_link": "https://www.unitedstateszipcodes.org/77478/",
    "org_city": "Sugar Land",
    "org_county": "Fort Bend",
    "org_county_city": "Fort Bend | Sugar Land",
    "org_county_city_zip_neighborhood": "Fort Bend | Sugar Land  |  77478 - Sugar Land "
  },
  {
    "id_no": "183",
    "zip_code": "77479",
    "neighborhood": "Sugar Land ",
    "neighborhood_link": "https://www.unitedstateszipcodes.org/77479/",
    "org_city": "Sugar Land",
    "org_county": "Fort Bend",
    "org_county_city": "Fort Bend | Sugar Land",
    "org_county_city_zip_neighborhood": "Fort Bend | Sugar Land  |  77479 - Sugar Land "
  },
  {
    "id_no": "184",
    "zip_code": "77480",
    "neighborhood": "Sweeny ",
    "neighborhood_link": "https://www.unitedstateszipcodes.org/77480/",
    "org_city": "Sweeny",
    "org_county": "Brazoria",
    "org_county_city": "Brazoria | Sweeny",
    "org_county_city_zip_neighborhood": "Brazoria | Sweeny  |  77480 - Sweeny "
  },
  {
    "id_no": "185",
    "zip_code": "77481",
    "neighborhood": "Thompsons",
    "neighborhood_link": "https://www.unitedstateszipcodes.org/77481/",
    "org_city": "Thompsons",
    "org_county": "Fort Bend",
    "org_county_city": "Fort Bend | Thompsons",
    "org_county_city_zip_neighborhood": "Fort Bend | Thompsons  |  77481 - Thompsons"
  },
  {
    "id_no": "186",
    "zip_code": "77483",
    "neighborhood": "Wadsworth",
    "neighborhood_link": "https://www.unitedstateszipcodes.org/77483/",
    "org_city": "Wadsworth",
    "org_county": "Matagorda",
    "org_county_city": "Matagorda | Wadsworth",
    "org_county_city_zip_neighborhood": "Matagorda | Wadsworth  |  77483 - Wadsworth"
  },
  {
    "id_no": "187",
    "zip_code": "77484",
    "neighborhood": "Waller ",
    "neighborhood_link": "https://www.unitedstateszipcodes.org/77484/",
    "org_city": "Waller",
    "org_county": "Harris",
    "org_county_city": "Harris | Waller",
    "org_county_city_zip_neighborhood": "Harris | Waller  |  77484 - Waller "
  },
  {
    "id_no": "188",
    "zip_code": "77485",
    "neighborhood": "Wallis, Orchard, Simonton",
    "neighborhood_link": "https://www.unitedstateszipcodes.org/77485/",
    "org_city": "Wallis, Orchard, Simonton",
    "org_county": "Fort Bend",
    "org_county_city": "Fort Bend | Wallis, Orchard, Simonton",
    "org_county_city_zip_neighborhood": "Fort Bend | Wallis, Orchard, Simonton  |  77485 - Wallis, Orchard, Simonton"
  },
  {
    "id_no": "189",
    "zip_code": "77486",
    "neighborhood": "West Columbia ",
    "neighborhood_link": "https://www.unitedstateszipcodes.org/77486/",
    "org_city": "West Columbia",
    "org_county": "Brazoria",
    "org_county_city": "Brazoria | West Columbia",
    "org_county_city_zip_neighborhood": "Brazoria | West Columbia  |  77486 - West Columbia "
  },
  {
    "id_no": "190",
    "zip_code": "77489",
    "neighborhood": "Missouri City ",
    "neighborhood_link": "https://www.unitedstateszipcodes.org/77489/",
    "org_city": "Missouri City",
    "org_county": "Fort Bend",
    "org_county_city": "Fort Bend | Missouri City",
    "org_county_city_zip_neighborhood": "Fort Bend | Missouri City  |  77489 - Missouri City "
  },
  {
    "id_no": "191",
    "zip_code": "77492",
    "neighborhood": "Waller ",
    "neighborhood_link": "https://www.unitedstateszipcodes.org/77492/",
    "org_city": "Waller",
    "org_county": "Waller",
    "org_county_city": "Waller | Waller",
    "org_county_city_zip_neighborhood": "Waller | Waller  |  77492 - Waller "
  },
  {
    "id_no": "192",
    "zip_code": "77493",
    "neighborhood": "Katy ",
    "neighborhood_link": "https://www.unitedstateszipcodes.org/77493/",
    "org_city": "Katy",
    "org_county": "Harris",
    "org_county_city": "Harris | Katy",
    "org_county_city_zip_neighborhood": "Harris | Katy  |  77493 - Katy "
  },
  {
    "id_no": "193",
    "zip_code": "77494",
    "neighborhood": "Katy ",
    "neighborhood_link": "https://www.unitedstateszipcodes.org/77494/",
    "org_city": "Katy",
    "org_county": "Fort Bend",
    "org_county_city": "Fort Bend | Katy",
    "org_county_city_zip_neighborhood": "Fort Bend | Katy  |  77494 - Katy "
  },
  {
    "id_no": "194",
    "zip_code": "77498",
    "neighborhood": "Sugar Land ",
    "neighborhood_link": "https://www.unitedstateszipcodes.org/77498/",
    "org_city": "Sugar Land",
    "org_county": "Fort Bend",
    "org_county_city": "Fort Bend | Sugar Land",
    "org_county_city_zip_neighborhood": "Fort Bend | Sugar Land  |  77498 - Sugar Land "
  },
  {
    "id_no": "195",
    "zip_code": "77501",
    "neighborhood": "Pasadena ",
    "neighborhood_link": "https://www.unitedstateszipcodes.org/77501/",
    "org_city": "Pasadena",
    "org_county": "Harris",
    "org_county_city": "Harris | Pasadena",
    "org_county_city_zip_neighborhood": "Harris | Pasadena  |  77501 - Pasadena "
  },
  {
    "id_no": "196",
    "zip_code": "77502",
    "neighborhood": "Pasadena ",
    "neighborhood_link": "https://www.unitedstateszipcodes.org/77502/",
    "org_city": "Pasadena",
    "org_county": "Harris",
    "org_county_city": "Harris | Pasadena",
    "org_county_city_zip_neighborhood": "Harris | Pasadena  |  77502 - Pasadena "
  },
  {
    "id_no": "197",
    "zip_code": "77503",
    "neighborhood": "Pasadena ",
    "neighborhood_link": "https://www.unitedstateszipcodes.org/77503/",
    "org_city": "Pasadena",
    "org_county": "Harris",
    "org_county_city": "Harris | Pasadena",
    "org_county_city_zip_neighborhood": "Harris | Pasadena  |  77503 - Pasadena "
  },
  {
    "id_no": "198",
    "zip_code": "77504",
    "neighborhood": "Pasadena ",
    "neighborhood_link": "https://www.unitedstateszipcodes.org/77504/",
    "org_city": "Pasadena",
    "org_county": "Harris",
    "org_county_city": "Harris | Pasadena",
    "org_county_city_zip_neighborhood": "Harris | Pasadena  |  77504 - Pasadena "
  },
  {
    "id_no": "199",
    "zip_code": "77505",
    "neighborhood": "Pasadena ",
    "neighborhood_link": "https://www.unitedstateszipcodes.org/77505/",
    "org_city": "Pasadena",
    "org_county": "Harris",
    "org_county_city": "Harris | Pasadena",
    "org_county_city_zip_neighborhood": "Harris | Pasadena  |  77505 - Pasadena "
  },
  {
    "id_no": "200",
    "zip_code": "77506",
    "neighborhood": "Pasadena ",
    "neighborhood_link": "https://www.unitedstateszipcodes.org/77506/",
    "org_city": "Pasadena",
    "org_county": "Harris",
    "org_county_city": "Harris | Pasadena",
    "org_county_city_zip_neighborhood": "Harris | Pasadena  |  77506 - Pasadena "
  },
  {
    "id_no": "201",
    "zip_code": "77507",
    "neighborhood": "Pasadena ",
    "neighborhood_link": "https://www.unitedstateszipcodes.org/77507/",
    "org_city": "Pasadena",
    "org_county": "Harris",
    "org_county_city": "Harris | Pasadena",
    "org_county_city_zip_neighborhood": "Harris | Pasadena  |  77507 - Pasadena "
  },
  {
    "id_no": "202",
    "zip_code": "77508",
    "neighborhood": "Pasadena ",
    "neighborhood_link": "https://www.unitedstateszipcodes.org/77508/",
    "org_city": "Pasadena",
    "org_county": "Harris",
    "org_county_city": "Harris | Pasadena",
    "org_county_city_zip_neighborhood": "Harris | Pasadena  |  77508 - Pasadena "
  },
  {
    "id_no": "203",
    "zip_code": "77510",
    "neighborhood": "Santa Fe ",
    "neighborhood_link": "https://www.unitedstateszipcodes.org/77510/",
    "org_city": "Santa Fe",
    "org_county": "Galveston",
    "org_county_city": "Galveston | Santa Fe",
    "org_county_city_zip_neighborhood": "Galveston | Santa Fe  |  77510 - Santa Fe "
  },
  {
    "id_no": "204",
    "zip_code": "77511",
    "neighborhood": "Alvin ",
    "neighborhood_link": "https://www.unitedstateszipcodes.org/77511/",
    "org_city": "Alvin",
    "org_county": "Brazoria",
    "org_county_city": "Brazoria | Alvin",
    "org_county_city_zip_neighborhood": "Brazoria | Alvin  |  77511 - Alvin "
  },
  {
    "id_no": "205",
    "zip_code": "77515",
    "neighborhood": "Angleton ",
    "neighborhood_link": "https://www.unitedstateszipcodes.org/77515/",
    "org_city": "Angleton",
    "org_county": "Brazoria",
    "org_county_city": "Brazoria | Angleton",
    "org_county_city_zip_neighborhood": "Brazoria | Angleton  |  77515 - Angleton "
  },
  {
    "id_no": "206",
    "zip_code": "77516",
    "neighborhood": "Angleton ",
    "neighborhood_link": "https://www.unitedstateszipcodes.org/77516/",
    "org_city": "Angleton",
    "org_county": "Brazoria",
    "org_county_city": "Brazoria | Angleton",
    "org_county_city_zip_neighborhood": "Brazoria | Angleton  |  77516 - Angleton "
  },
  {
    "id_no": "207",
    "zip_code": "77517",
    "neighborhood": "Arcadia ",
    "neighborhood_link": "https://www.unitedstateszipcodes.org/77517/",
    "org_city": "Santa Fe",
    "org_county": "Galveston",
    "org_county_city": "Galveston | Santa Fe",
    "org_county_city_zip_neighborhood": "Galveston | Santa Fe  |  77517 - Arcadia "
  },
  {
    "id_no": "208",
    "zip_code": "77518",
    "neighborhood": "Bacliff ",
    "neighborhood_link": "https://www.unitedstateszipcodes.org/77518/",
    "org_city": "Bacliff",
    "org_county": "Galveston",
    "org_county_city": "Galveston | Bacliff",
    "org_county_city_zip_neighborhood": "Galveston | Bacliff  |  77518 - Bacliff "
  },
  {
    "id_no": "209",
    "zip_code": "77520",
    "neighborhood": "Baytown ",
    "neighborhood_link": "https://www.unitedstateszipcodes.org/77520/",
    "org_city": "Baytown",
    "org_county": "Harris",
    "org_county_city": "Harris | Baytown",
    "org_county_city_zip_neighborhood": "Harris | Baytown  |  77520 - Baytown "
  },
  {
    "id_no": "210",
    "zip_code": "77521",
    "neighborhood": "Baytown ",
    "neighborhood_link": "https://www.unitedstateszipcodes.org/77521/",
    "org_city": "Baytown",
    "org_county": "Harris",
    "org_county_city": "Harris | Baytown",
    "org_county_city_zip_neighborhood": "Harris | Baytown  |  77521 - Baytown "
  },
  {
    "id_no": "211",
    "zip_code": "77530",
    "neighborhood": "Channelview ",
    "neighborhood_link": "https://www.unitedstateszipcodes.org/77530/",
    "org_city": "Channelview",
    "org_county": "Harris",
    "org_county_city": "Harris | Channelview",
    "org_county_city_zip_neighborhood": "Harris | Channelview  |  77530 - Channelview "
  },
  {
    "id_no": "212",
    "zip_code": "77531",
    "neighborhood": "Clute ",
    "neighborhood_link": "https://www.unitedstateszipcodes.org/77531/",
    "org_city": "Clute",
    "org_county": "Brazoria",
    "org_county_city": "Brazoria | Clute",
    "org_county_city_zip_neighborhood": "Brazoria | Clute  |  77531 - Clute "
  },
  {
    "id_no": "213",
    "zip_code": "77532",
    "neighborhood": "Crosby ",
    "neighborhood_link": "https://www.unitedstateszipcodes.org/77532/",
    "org_city": "Crosby",
    "org_county": "Harris",
    "org_county_city": "Harris | Crosby",
    "org_county_city_zip_neighborhood": "Harris | Crosby  |  77532 - Crosby "
  },
  {
    "id_no": "214",
    "zip_code": "77533",
    "neighborhood": "Devers ",
    "neighborhood_link": "https://www.unitedstateszipcodes.org/77533/",
    "org_city": "Devers",
    "org_county": "Liberty",
    "org_county_city": "Liberty | Devers",
    "org_county_city_zip_neighborhood": "Liberty | Devers  |  77533 - Devers "
  },
  {
    "id_no": "215",
    "zip_code": "77534",
    "neighborhood": "Damon ",
    "neighborhood_link": "https://www.unitedstateszipcodes.org/77534/",
    "org_city": "Damon",
    "org_county": "Brazoria",
    "org_county_city": "Brazoria | Damon",
    "org_county_city_zip_neighborhood": "Brazoria | Damon  |  77534 - Damon "
  },
  {
    "id_no": "216",
    "zip_code": "77535",
    "neighborhood": "Dayton ",
    "neighborhood_link": "https://www.unitedstateszipcodes.org/77535/",
    "org_city": "Dayton",
    "org_county": "Harris",
    "org_county_city": "Harris | Dayton",
    "org_county_city_zip_neighborhood": "Harris | Dayton  |  77535 - Dayton "
  },
  {
    "id_no": "217",
    "zip_code": "77536",
    "neighborhood": "Deer Park ",
    "neighborhood_link": "https://www.unitedstateszipcodes.org/77536/",
    "org_city": "Deer Park",
    "org_county": "Harris",
    "org_county_city": "Harris | Deer Park",
    "org_county_city_zip_neighborhood": "Harris | Deer Park  |  77536 - Deer Park "
  },
  {
    "id_no": "218",
    "zip_code": "77539",
    "neighborhood": "Dickinson ",
    "neighborhood_link": "https://www.unitedstateszipcodes.org/77539/",
    "org_city": "Dickinson",
    "org_county": "Brazoria",
    "org_county_city": "Brazoria | Dickinson",
    "org_county_city_zip_neighborhood": "Brazoria | Dickinson  |  77539 - Dickinson "
  },
  {
    "id_no": "219",
    "zip_code": "77541",
    "neighborhood": "Freeport ",
    "neighborhood_link": "https://www.unitedstateszipcodes.org/77541/",
    "org_city": "Freeport",
    "org_county": "Brazoria",
    "org_county_city": "Brazoria | Freeport",
    "org_county_city_zip_neighborhood": "Brazoria | Freeport  |  77541 - Freeport "
  },
  {
    "id_no": "220",
    "zip_code": "77545",
    "neighborhood": "Fresno ",
    "neighborhood_link": "https://www.unitedstateszipcodes.org/77545/",
    "org_city": "Fresno",
    "org_county": "Fort Bend",
    "org_county_city": "Fort Bend | Fresno",
    "org_county_city_zip_neighborhood": "Fort Bend | Fresno  |  77545 - Fresno "
  },
  {
    "id_no": "221",
    "zip_code": "77546",
    "neighborhood": "Friendswood ",
    "neighborhood_link": "https://www.unitedstateszipcodes.org/77546/",
    "org_city": "Friendswood",
    "org_county": "Harris",
    "org_county_city": "Harris | Friendswood",
    "org_county_city_zip_neighborhood": "Harris | Friendswood  |  77546 - Friendswood "
  },
  {
    "id_no": "222",
    "zip_code": "77547",
    "neighborhood": "Galena Park",
    "neighborhood_link": "https://www.unitedstateszipcodes.org/77547/",
    "org_city": "Galena Park",
    "org_county": "Harris",
    "org_county_city": "Harris | Galena Park",
    "org_county_city_zip_neighborhood": "Harris | Galena Park  |  77547 - Galena Park"
  },
  {
    "id_no": "223",
    "zip_code": "77548",
    "neighborhood": "Friendswood ",
    "neighborhood_link": "https://www.unitedstateszipcodes.org/77548/",
    "org_city": "Friendswood",
    "org_county": "Galveston",
    "org_county_city": "Galveston | Friendswood",
    "org_county_city_zip_neighborhood": "Galveston | Friendswood  |  77548 - Friendswood "
  },
  {
    "id_no": "224",
    "zip_code": "77549",
    "neighborhood": "Friendswood ",
    "neighborhood_link": "https://www.unitedstateszipcodes.org/77549/",
    "org_city": "Friendswood",
    "org_county": "Galveston",
    "org_county_city": "Galveston | Friendswood",
    "org_county_city_zip_neighborhood": "Galveston | Friendswood  |  77549 - Friendswood "
  },
  {
    "id_no": "225",
    "zip_code": "77550",
    "neighborhood": "Galveston ",
    "neighborhood_link": "https://www.unitedstateszipcodes.org/77550/",
    "org_city": "Galveston",
    "org_county": "Galveston",
    "org_county_city": "Galveston | Galveston",
    "org_county_city_zip_neighborhood": "Galveston | Galveston  |  77550 - Galveston "
  },
  {
    "id_no": "226",
    "zip_code": "77551",
    "neighborhood": "Galveston ",
    "neighborhood_link": "https://www.unitedstateszipcodes.org/77551/",
    "org_city": "Galveston",
    "org_county": "Galveston",
    "org_county_city": "Galveston | Galveston",
    "org_county_city_zip_neighborhood": "Galveston | Galveston  |  77551 - Galveston "
  },
  {
    "id_no": "227",
    "zip_code": "77552",
    "neighborhood": "Galveston ",
    "neighborhood_link": "https://www.unitedstateszipcodes.org/77552/",
    "org_city": "Galveston",
    "org_county": "Galveston",
    "org_county_city": "Galveston | Galveston",
    "org_county_city_zip_neighborhood": "Galveston | Galveston  |  77552 - Galveston "
  },
  {
    "id_no": "228",
    "zip_code": "77553",
    "neighborhood": "Galveston ",
    "neighborhood_link": "https://www.unitedstateszipcodes.org/77553/",
    "org_city": "Galveston",
    "org_county": "Galveston",
    "org_county_city": "Galveston | Galveston",
    "org_county_city_zip_neighborhood": "Galveston | Galveston  |  77553 - Galveston "
  },
  {
    "id_no": "229",
    "zip_code": "77554",
    "neighborhood": "Galveston ",
    "neighborhood_link": "https://www.unitedstateszipcodes.org/77554/",
    "org_city": "Galveston",
    "org_county": "Galveston",
    "org_county_city": "Galveston | Galveston",
    "org_county_city_zip_neighborhood": "Galveston | Galveston  |  77554 - Galveston "
  },
  {
    "id_no": "230",
    "zip_code": "77555",
    "neighborhood": "Galveston ",
    "neighborhood_link": "https://www.unitedstateszipcodes.org/77555/",
    "org_city": "Galveston",
    "org_county": "Galveston",
    "org_county_city": "Galveston | Galveston",
    "org_county_city_zip_neighborhood": "Galveston | Galveston  |  77555 - Galveston "
  },
  {
    "id_no": "231",
    "zip_code": "77562",
    "neighborhood": "Highlands ",
    "neighborhood_link": "https://www.unitedstateszipcodes.org/77562/",
    "org_city": "Highlands",
    "org_county": "Harris",
    "org_county_city": "Harris | Highlands",
    "org_county_city_zip_neighborhood": "Harris | Highlands  |  77562 - Highlands "
  },
  {
    "id_no": "232",
    "zip_code": "77563",
    "neighborhood": "Hitchcock ",
    "neighborhood_link": "https://www.unitedstateszipcodes.org/77563/",
    "org_city": "Hitchcock",
    "org_county": "Galveston",
    "org_county_city": "Galveston | Hitchcock",
    "org_county_city_zip_neighborhood": "Galveston | Hitchcock  |  77563 - Hitchcock "
  },
  {
    "id_no": "233",
    "zip_code": "77565",
    "neighborhood": "Kemah ",
    "neighborhood_link": "https://www.unitedstateszipcodes.org/77565/",
    "org_city": "Kemah",
    "org_county": "Galveston",
    "org_county_city": "Galveston | Kemah",
    "org_county_city_zip_neighborhood": "Galveston | Kemah  |  77565 - Kemah "
  },
  {
    "id_no": "234",
    "zip_code": "77566",
    "neighborhood": "Lake Jackson ",
    "neighborhood_link": "https://www.unitedstateszipcodes.org/77566/",
    "org_city": "Lake Jackson",
    "org_county": "Brazoria",
    "org_county_city": "Brazoria | Lake Jackson",
    "org_county_city_zip_neighborhood": "Brazoria | Lake Jackson  |  77566 - Lake Jackson "
  },
  {
    "id_no": "235",
    "zip_code": "77568",
    "neighborhood": "La Marque ",
    "neighborhood_link": "https://www.unitedstateszipcodes.org/77568/",
    "org_city": "La Marque",
    "org_county": "Galveston",
    "org_county_city": "Galveston | La Marque",
    "org_county_city_zip_neighborhood": "Galveston | La Marque  |  77568 - La Marque "
  },
  {
    "id_no": "236",
    "zip_code": "77571",
    "neighborhood": "La Porte ",
    "neighborhood_link": "https://www.unitedstateszipcodes.org/77571/",
    "org_city": "La Porte",
    "org_county": "Harris",
    "org_county_city": "Harris | La Porte",
    "org_county_city_zip_neighborhood": "Harris | La Porte  |  77571 - La Porte "
  },
  {
    "id_no": "237",
    "zip_code": "77573",
    "neighborhood": "League City ",
    "neighborhood_link": "https://www.unitedstateszipcodes.org/77573/",
    "org_city": "League City",
    "org_county": "Galveston",
    "org_county_city": "Galveston | League City",
    "org_county_city_zip_neighborhood": "Galveston | League City  |  77573 - League City "
  },
  {
    "id_no": "238",
    "zip_code": "77575",
    "neighborhood": "Liberty ",
    "neighborhood_link": "https://www.unitedstateszipcodes.org/77575/",
    "org_city": "Liberty",
    "org_county": "Liberty",
    "org_county_city": "Liberty | Liberty",
    "org_county_city_zip_neighborhood": "Liberty | Liberty  |  77575 - Liberty "
  },
  {
    "id_no": "239",
    "zip_code": "77578",
    "neighborhood": "Manvel ",
    "neighborhood_link": "https://www.unitedstateszipcodes.org/77578/",
    "org_city": "Manvel",
    "org_county": "Brazoria",
    "org_county_city": "Brazoria | Manvel",
    "org_county_city_zip_neighborhood": "Brazoria | Manvel  |  77578 - Manvel "
  },
  {
    "id_no": "240",
    "zip_code": "77581",
    "neighborhood": "Pearland ",
    "neighborhood_link": "https://www.unitedstateszipcodes.org/77581/",
    "org_city": "Pearland",
    "org_county": "Harris",
    "org_county_city": "Harris | Pearland",
    "org_county_city_zip_neighborhood": "Harris | Pearland  |  77581 - Pearland "
  },
  {
    "id_no": "241",
    "zip_code": "77583",
    "neighborhood": "Rosharon ",
    "neighborhood_link": "https://www.unitedstateszipcodes.org/77583/",
    "org_city": "Rosharon",
    "org_county": "Fort Bend",
    "org_county_city": "Fort Bend | Rosharon",
    "org_county_city_zip_neighborhood": "Fort Bend | Rosharon  |  77583 - Rosharon "
  },
  {
    "id_no": "242",
    "zip_code": "77584",
    "neighborhood": "Pearland ",
    "neighborhood_link": "https://www.unitedstateszipcodes.org/77584/",
    "org_city": "Pearland",
    "org_county": "Fort Bend",
    "org_county_city": "Fort Bend | Pearland",
    "org_county_city_zip_neighborhood": "Fort Bend | Pearland  |  77584 - Pearland "
  },
  {
    "id_no": "243",
    "zip_code": "77586",
    "neighborhood": "Seabrook ",
    "neighborhood_link": "https://www.unitedstateszipcodes.org/77586/",
    "org_city": "Seabrook",
    "org_county": "Harris",
    "org_county_city": "Harris | Seabrook",
    "org_county_city_zip_neighborhood": "Harris | Seabrook  |  77586 - Seabrook "
  },
  {
    "id_no": "244",
    "zip_code": "77587",
    "neighborhood": "South Houston ",
    "neighborhood_link": "https://www.unitedstateszipcodes.org/77587/",
    "org_city": "South Houston",
    "org_county": "Harris",
    "org_county_city": "Harris | South Houston",
    "org_county_city_zip_neighborhood": "Harris | South Houston  |  77587 - South Houston "
  },
  {
    "id_no": "245",
    "zip_code": "77590",
    "neighborhood": "Texas City ",
    "neighborhood_link": "https://www.unitedstateszipcodes.org/77590/",
    "org_city": "Texas City",
    "org_county": "Galveston",
    "org_county_city": "Galveston | Texas City",
    "org_county_city_zip_neighborhood": "Galveston | Texas City  |  77590 - Texas City "
  },
  {
    "id_no": "246",
    "zip_code": "77591",
    "neighborhood": "Texas City ",
    "neighborhood_link": "https://www.unitedstateszipcodes.org/77591/",
    "org_city": "Texas City",
    "org_county": "Galveston",
    "org_county_city": "Galveston | Texas City",
    "org_county_city_zip_neighborhood": "Galveston | Texas City  |  77591 - Texas City "
  },
  {
    "id_no": "247",
    "zip_code": "77598",
    "neighborhood": "Webster",
    "neighborhood_link": "https://www.unitedstateszipcodes.org/77598/",
    "org_city": "Webster",
    "org_county": "Harris",
    "org_county_city": "Harris | Webster",
    "org_county_city_zip_neighborhood": "Harris | Webster  |  77598 - Webster"
  },
  {
    "id_no": "248",
    "zip_code": "78628",
    "neighborhood": "Georgetown",
    "neighborhood_link": "https://www.unitedstateszipcodes.org/78628/",
    "org_city": "Georgetown",
    "org_county": "Williamson",
    "org_county_city": "Williamson | Georgetown",
    "org_county_city_zip_neighborhood": "Williamson | Georgetown  |  78628 - Georgetown"
  },
  {
    "id_no": "249",
    "zip_code": "99999",
    "neighborhood": "Not Restricted by Zip Code",
    "neighborhood_link": "https://www.google.com/maps/place/Houston+Metropolitan+Area,+TX/@29.6959212,-96.1483764,9z/data=!3m1!4b1!4m6!3m5!1s0x8640b86e6fd64abb:0x6eeea55b30b8f818!8m2!3d29.679415!4d-95.3939551!16s%2Fg%2F1td186y6?entry=ttu&g_ep=EgoyMDI0MDgyOC4wIKXMDSoASAFQAw%3D%3D",
    "org_city": "Greater Houston",
    "org_county": "Greater Houston",
    "org_county_city": "Greater Houston | Greater Houston",
    "org_county_city_zip_neighborhood": "Greater Houston | Greater Houston  |  99999 - Not Restricted by Zip Code"
  }
]