[
  {
    "id_no": "1",
    "org_county_city_zip_neighborhood": "Austin"
  },
  {
    "id_no": "2",
    "org_county_city_zip_neighborhood": "Austin | Bellville"
  },
  {
    "id_no": "3",
    "org_county_city_zip_neighborhood": "Austin | Bellville  |  77418 - Bellville, Kenney, Burleigh, Buckhorn, Nelsonville"
  },
  {
    "id_no": "4",
    "org_county_city_zip_neighborhood": "Austin | Kenney"
  },
  {
    "id_no": "5",
    "org_county_city_zip_neighborhood": "Austin | Kenney  |  77452 - Kenney "
  },
  {
    "id_no": "6",
    "org_county_city_zip_neighborhood": "Austin | Sealy"
  },
  {
    "id_no": "7",
    "org_county_city_zip_neighborhood": "Austin | Sealy  |  77474 - Sealy, San Felipe, Brazos Country"
  },
  {
    "id_no": "8",
    "org_county_city_zip_neighborhood": "Brazoria"
  },
  {
    "id_no": "9",
    "org_county_city_zip_neighborhood": "Brazoria | Alvin"
  },
  {
    "id_no": "10",
    "org_county_city_zip_neighborhood": "Brazoria | Alvin  |  77511 - Alvin "
  },
  {
    "id_no": "11",
    "org_county_city_zip_neighborhood": "Brazoria | Angleton"
  },
  {
    "id_no": "12",
    "org_county_city_zip_neighborhood": "Brazoria | Angleton  |  77515 - Angleton "
  },
  {
    "id_no": "13",
    "org_county_city_zip_neighborhood": "Brazoria | Angleton  |  77516 - Angleton "
  },
  {
    "id_no": "14",
    "org_county_city_zip_neighborhood": "Brazoria | Brookshire"
  },
  {
    "id_no": "15",
    "org_county_city_zip_neighborhood": "Brazoria | Brookshire  |  77422 - Bazoria, Cedar Lake, Wild Peach Village"
  },
  {
    "id_no": "16",
    "org_county_city_zip_neighborhood": "Brazoria | Clute"
  },
  {
    "id_no": "17",
    "org_county_city_zip_neighborhood": "Brazoria | Clute  |  77531 - Clute "
  },
  {
    "id_no": "18",
    "org_county_city_zip_neighborhood": "Brazoria | Damon"
  },
  {
    "id_no": "19",
    "org_county_city_zip_neighborhood": "Brazoria | Damon  |  77534 - Damon "
  },
  {
    "id_no": "20",
    "org_county_city_zip_neighborhood": "Brazoria | Dickinson"
  },
  {
    "id_no": "21",
    "org_county_city_zip_neighborhood": "Brazoria | Dickinson  |  77539 - Dickinson "
  },
  {
    "id_no": "22",
    "org_county_city_zip_neighborhood": "Brazoria | Freeport"
  },
  {
    "id_no": "23",
    "org_county_city_zip_neighborhood": "Brazoria | Freeport  |  77541 - Freeport "
  },
  {
    "id_no": "24",
    "org_county_city_zip_neighborhood": "Brazoria | Lake Jackson"
  },
  {
    "id_no": "25",
    "org_county_city_zip_neighborhood": "Brazoria | Lake Jackson  |  77566 - Lake Jackson "
  },
  {
    "id_no": "26",
    "org_county_city_zip_neighborhood": "Brazoria | Manvel"
  },
  {
    "id_no": "27",
    "org_county_city_zip_neighborhood": "Brazoria | Manvel  |  77578 - Manvel "
  },
  {
    "id_no": "28",
    "org_county_city_zip_neighborhood": "Brazoria | Sweeny"
  },
  {
    "id_no": "29",
    "org_county_city_zip_neighborhood": "Brazoria | Sweeny  |  77480 - Sweeny "
  },
  {
    "id_no": "30",
    "org_county_city_zip_neighborhood": "Brazoria | West Columbia"
  },
  {
    "id_no": "31",
    "org_county_city_zip_neighborhood": "Brazoria | West Columbia  |  77486 - West Columbia "
  },
  {
    "id_no": "32",
    "org_county_city_zip_neighborhood": "Fort Bend"
  },
  {
    "id_no": "33",
    "org_county_city_zip_neighborhood": "Fort Bend | Beasley"
  },
  {
    "id_no": "34",
    "org_county_city_zip_neighborhood": "Fort Bend | Beasley  |  77417 - Beasley"
  },
  {
    "id_no": "35",
    "org_county_city_zip_neighborhood": "Fort Bend | Brookshire"
  },
  {
    "id_no": "36",
    "org_county_city_zip_neighborhood": "Fort Bend | Brookshire  |  77423 - Brookshire "
  },
  {
    "id_no": "37",
    "org_county_city_zip_neighborhood": "Fort Bend | Danbury"
  },
  {
    "id_no": "38",
    "org_county_city_zip_neighborhood": "Fort Bend | Danbury  |  77430 - Danbury "
  },
  {
    "id_no": "39",
    "org_county_city_zip_neighborhood": "Fort Bend | Fresno"
  },
  {
    "id_no": "40",
    "org_county_city_zip_neighborhood": "Fort Bend | Fresno  |  77545 - Fresno "
  },
  {
    "id_no": "41",
    "org_county_city_zip_neighborhood": "Fort Bend | Fulshear"
  },
  {
    "id_no": "42",
    "org_county_city_zip_neighborhood": "Fort Bend | Fulshear  |  77441 - Fulshear "
  },
  {
    "id_no": "43",
    "org_county_city_zip_neighborhood": "Fort Bend | Guy"
  },
  {
    "id_no": "44",
    "org_county_city_zip_neighborhood": "Fort Bend | Guy  |  77444 - Guy"
  },
  {
    "id_no": "45",
    "org_county_city_zip_neighborhood": "Fort Bend | Houston"
  },
  {
    "id_no": "46",
    "org_county_city_zip_neighborhood": "Fort Bend | Houston  |  77053 - Fort Bend Houston, Briar Villa "
  },
  {
    "id_no": "47",
    "org_county_city_zip_neighborhood": "Fort Bend | Katy"
  },
  {
    "id_no": "48",
    "org_county_city_zip_neighborhood": "Fort Bend | Katy  |  77494 - Katy "
  },
  {
    "id_no": "49",
    "org_county_city_zip_neighborhood": "Fort Bend | Kendleton"
  },
  {
    "id_no": "50",
    "org_county_city_zip_neighborhood": "Fort Bend | Kendleton  |  77451 - Kendleton"
  },
  {
    "id_no": "51",
    "org_county_city_zip_neighborhood": "Fort Bend | Missouri City"
  },
  {
    "id_no": "52",
    "org_county_city_zip_neighborhood": "Fort Bend | Missouri City  |  77459 - Missouri City "
  },
  {
    "id_no": "53",
    "org_county_city_zip_neighborhood": "Fort Bend | Missouri City  |  77489 - Missouri City "
  },
  {
    "id_no": "54",
    "org_county_city_zip_neighborhood": "Fort Bend | Needville"
  },
  {
    "id_no": "55",
    "org_county_city_zip_neighborhood": "Fort Bend | Needville  |  77461 - Needville "
  },
  {
    "id_no": "56",
    "org_county_city_zip_neighborhood": "Fort Bend | Orchard"
  },
  {
    "id_no": "57",
    "org_county_city_zip_neighborhood": "Fort Bend | Orchard  |  77464 - Orchard"
  },
  {
    "id_no": "58",
    "org_county_city_zip_neighborhood": "Fort Bend | Pearland"
  },
  {
    "id_no": "59",
    "org_county_city_zip_neighborhood": "Fort Bend | Pearland  |  77584 - Pearland "
  },
  {
    "id_no": "60",
    "org_county_city_zip_neighborhood": "Fort Bend | Richmond"
  },
  {
    "id_no": "61",
    "org_county_city_zip_neighborhood": "Fort Bend | Richmond  |  77406 - Richmond "
  },
  {
    "id_no": "62",
    "org_county_city_zip_neighborhood": "Fort Bend | Richmond  |  77407 - Richmond "
  },
  {
    "id_no": "63",
    "org_county_city_zip_neighborhood": "Fort Bend | Richmond  |  77469 - Richmond "
  },
  {
    "id_no": "64",
    "org_county_city_zip_neighborhood": "Fort Bend | Rosenberg"
  },
  {
    "id_no": "65",
    "org_county_city_zip_neighborhood": "Fort Bend | Rosenberg  |  77471 - Rosenberg "
  },
  {
    "id_no": "66",
    "org_county_city_zip_neighborhood": "Fort Bend | Rosharon"
  },
  {
    "id_no": "67",
    "org_county_city_zip_neighborhood": "Fort Bend | Rosharon  |  77583 - Rosharon "
  },
  {
    "id_no": "68",
    "org_county_city_zip_neighborhood": "Fort Bend | Sealy"
  },
  {
    "id_no": "69",
    "org_county_city_zip_neighborhood": "Fort Bend | Sealy  |  77476 - Sealy "
  },
  {
    "id_no": "70",
    "org_county_city_zip_neighborhood": "Fort Bend | Stafford"
  },
  {
    "id_no": "71",
    "org_county_city_zip_neighborhood": "Fort Bend | Stafford  |  77477 - Stafford "
  },
  {
    "id_no": "72",
    "org_county_city_zip_neighborhood": "Fort Bend | Sugar Land"
  },
  {
    "id_no": "73",
    "org_county_city_zip_neighborhood": "Fort Bend | Sugar Land  |  77478 - Sugar Land "
  },
  {
    "id_no": "74",
    "org_county_city_zip_neighborhood": "Fort Bend | Sugar Land  |  77479 - Sugar Land "
  },
  {
    "id_no": "75",
    "org_county_city_zip_neighborhood": "Fort Bend | Sugar Land  |  77498 - Sugar Land "
  },
  {
    "id_no": "76",
    "org_county_city_zip_neighborhood": "Fort Bend | Thompsons"
  },
  {
    "id_no": "77",
    "org_county_city_zip_neighborhood": "Fort Bend | Thompsons  |  77481 - Thompsons"
  },
  {
    "id_no": "78",
    "org_county_city_zip_neighborhood": "Fort Bend | Wallis, Orchard, Simonton"
  },
  {
    "id_no": "79",
    "org_county_city_zip_neighborhood": "Fort Bend | Wallis, Orchard, Simonton  |  77485 - Wallis, Orchard, Simonton"
  },
  {
    "id_no": "80",
    "org_county_city_zip_neighborhood": "Galveston"
  },
  {
    "id_no": "81",
    "org_county_city_zip_neighborhood": "Galveston | Bacliff"
  },
  {
    "id_no": "82",
    "org_county_city_zip_neighborhood": "Galveston | Bacliff  |  77518 - Bacliff "
  },
  {
    "id_no": "83",
    "org_county_city_zip_neighborhood": "Galveston | Friendswood"
  },
  {
    "id_no": "84",
    "org_county_city_zip_neighborhood": "Galveston | Friendswood  |  77548 - Friendswood "
  },
  {
    "id_no": "85",
    "org_county_city_zip_neighborhood": "Galveston | Friendswood  |  77549 - Friendswood "
  },
  {
    "id_no": "86",
    "org_county_city_zip_neighborhood": "Galveston | Galveston"
  },
  {
    "id_no": "87",
    "org_county_city_zip_neighborhood": "Galveston | Galveston  |  77550 - Galveston "
  },
  {
    "id_no": "88",
    "org_county_city_zip_neighborhood": "Galveston | Galveston  |  77551 - Galveston "
  },
  {
    "id_no": "89",
    "org_county_city_zip_neighborhood": "Galveston | Galveston  |  77552 - Galveston "
  },
  {
    "id_no": "90",
    "org_county_city_zip_neighborhood": "Galveston | Galveston  |  77553 - Galveston "
  },
  {
    "id_no": "91",
    "org_county_city_zip_neighborhood": "Galveston | Galveston  |  77554 - Galveston "
  },
  {
    "id_no": "92",
    "org_county_city_zip_neighborhood": "Galveston | Galveston  |  77555 - Galveston "
  },
  {
    "id_no": "93",
    "org_county_city_zip_neighborhood": "Galveston | Hitchcock"
  },
  {
    "id_no": "94",
    "org_county_city_zip_neighborhood": "Galveston | Hitchcock  |  77563 - Hitchcock "
  },
  {
    "id_no": "95",
    "org_county_city_zip_neighborhood": "Galveston | Kemah"
  },
  {
    "id_no": "96",
    "org_county_city_zip_neighborhood": "Galveston | Kemah  |  77565 - Kemah "
  },
  {
    "id_no": "97",
    "org_county_city_zip_neighborhood": "Galveston | La Marque"
  },
  {
    "id_no": "98",
    "org_county_city_zip_neighborhood": "Galveston | La Marque  |  77568 - La Marque "
  },
  {
    "id_no": "99",
    "org_county_city_zip_neighborhood": "Galveston | League City"
  },
  {
    "id_no": "100",
    "org_county_city_zip_neighborhood": "Galveston | League City  |  77573 - League City "
  },
  {
    "id_no": "101",
    "org_county_city_zip_neighborhood": "Galveston | Santa Fe"
  },
  {
    "id_no": "102",
    "org_county_city_zip_neighborhood": "Galveston | Santa Fe  |  77510 - Santa Fe "
  },
  {
    "id_no": "103",
    "org_county_city_zip_neighborhood": "Galveston | Santa Fe  |  77517 - Arcadia "
  },
  {
    "id_no": "104",
    "org_county_city_zip_neighborhood": "Galveston | Texas City"
  },
  {
    "id_no": "105",
    "org_county_city_zip_neighborhood": "Galveston | Texas City  |  77590 - Texas City "
  },
  {
    "id_no": "106",
    "org_county_city_zip_neighborhood": "Galveston | Texas City  |  77591 - Texas City "
  },
  {
    "id_no": "107",
    "org_county_city_zip_neighborhood": "Greater Houston"
  },
  {
    "id_no": "108",
    "org_county_city_zip_neighborhood": "Greater Houston | Greater Houston"
  },
  {
    "id_no": "109",
    "org_county_city_zip_neighborhood": "Greater Houston | Greater Houston  |  99999 - Not Restricted by Zip Code"
  },
  {
    "id_no": "110",
    "org_county_city_zip_neighborhood": "Grimes"
  },
  {
    "id_no": "111",
    "org_county_city_zip_neighborhood": "Grimes | Plantersville"
  },
  {
    "id_no": "112",
    "org_county_city_zip_neighborhood": "Grimes | Plantersville  |  77363 - Plantersville "
  },
  {
    "id_no": "113",
    "org_county_city_zip_neighborhood": "Harris"
  },
  {
    "id_no": "114",
    "org_county_city_zip_neighborhood": "Harris | Atascocita"
  },
  {
    "id_no": "115",
    "org_county_city_zip_neighborhood": "Harris | Atascocita  |  77346 - Atascocita "
  },
  {
    "id_no": "116",
    "org_county_city_zip_neighborhood": "Harris | Baytown"
  },
  {
    "id_no": "117",
    "org_county_city_zip_neighborhood": "Harris | Baytown  |  77520 - Baytown "
  },
  {
    "id_no": "118",
    "org_county_city_zip_neighborhood": "Harris | Baytown  |  77521 - Baytown "
  },
  {
    "id_no": "119",
    "org_county_city_zip_neighborhood": "Harris | Bellaire"
  },
  {
    "id_no": "120",
    "org_county_city_zip_neighborhood": "Harris | Bellaire  |  77401 - Bellaire "
  },
  {
    "id_no": "121",
    "org_county_city_zip_neighborhood": "Harris | Channelview"
  },
  {
    "id_no": "122",
    "org_county_city_zip_neighborhood": "Harris | Channelview  |  77530 - Channelview "
  },
  {
    "id_no": "123",
    "org_county_city_zip_neighborhood": "Harris | Crosby"
  },
  {
    "id_no": "124",
    "org_county_city_zip_neighborhood": "Harris | Crosby  |  77532 - Crosby "
  },
  {
    "id_no": "125",
    "org_county_city_zip_neighborhood": "Harris | Cypress"
  },
  {
    "id_no": "126",
    "org_county_city_zip_neighborhood": "Harris | Cypress  |  77410 - Cypress "
  },
  {
    "id_no": "127",
    "org_county_city_zip_neighborhood": "Harris | Cypress  |  77429 - Cypress "
  },
  {
    "id_no": "128",
    "org_county_city_zip_neighborhood": "Harris | Cypress  |  77433 - Cypress "
  },
  {
    "id_no": "129",
    "org_county_city_zip_neighborhood": "Harris | Dayton"
  },
  {
    "id_no": "130",
    "org_county_city_zip_neighborhood": "Harris | Dayton  |  77535 - Dayton "
  },
  {
    "id_no": "131",
    "org_county_city_zip_neighborhood": "Harris | Deer Park"
  },
  {
    "id_no": "132",
    "org_county_city_zip_neighborhood": "Harris | Deer Park  |  77536 - Deer Park "
  },
  {
    "id_no": "133",
    "org_county_city_zip_neighborhood": "Harris | Friendswood"
  },
  {
    "id_no": "134",
    "org_county_city_zip_neighborhood": "Harris | Friendswood  |  77546 - Friendswood "
  },
  {
    "id_no": "135",
    "org_county_city_zip_neighborhood": "Harris | Galena Park"
  },
  {
    "id_no": "136",
    "org_county_city_zip_neighborhood": "Harris | Galena Park  |  77547 - Galena Park"
  },
  {
    "id_no": "137",
    "org_county_city_zip_neighborhood": "Harris | Highlands"
  },
  {
    "id_no": "138",
    "org_county_city_zip_neighborhood": "Harris | Highlands  |  77562 - Highlands "
  },
  {
    "id_no": "139",
    "org_county_city_zip_neighborhood": "Harris | Hockley"
  },
  {
    "id_no": "140",
    "org_county_city_zip_neighborhood": "Harris | Hockley  |  77447 - Hockley "
  },
  {
    "id_no": "141",
    "org_county_city_zip_neighborhood": "Harris | Houston"
  },
  {
    "id_no": "142",
    "org_county_city_zip_neighborhood": "Harris | Houston  |  77002 - Downtown, Theater District, Ballpark District, Warehouse District "
  },
  {
    "id_no": "143",
    "org_county_city_zip_neighborhood": "Harris | Houston  |  77003 - East Downtown (EaDo), Second Ward "
  },
  {
    "id_no": "144",
    "org_county_city_zip_neighborhood": "Harris | Houston  |  77004 - Museum District, Midtown, Third Ward "
  },
  {
    "id_no": "145",
    "org_county_city_zip_neighborhood": "Harris | Houston  |  77005 - West University Place, Southside Place, Rice Village "
  },
  {
    "id_no": "146",
    "org_county_city_zip_neighborhood": "Harris | Houston  |  77006 - Montrose, Hyde Park, Neartown "
  },
  {
    "id_no": "147",
    "org_county_city_zip_neighborhood": "Harris | Houston  |  77007 - Rice Military, Washington Corridor, Memorial Park "
  },
  {
    "id_no": "148",
    "org_county_city_zip_neighborhood": "Harris | Houston  |  77008 - Houston Heights, Shady Acres, Timbergrove Manor "
  },
  {
    "id_no": "149",
    "org_county_city_zip_neighborhood": "Harris | Houston  |  77009 - Near Northside, Lindale Park, Woodland Heights "
  },
  {
    "id_no": "150",
    "org_county_city_zip_neighborhood": "Harris | Houston  |  77010 - Discovery Green area, Convention Center District "
  },
  {
    "id_no": "151",
    "org_county_city_zip_neighborhood": "Harris | Houston  |  77011 - Second Ward, Eastwood "
  },
  {
    "id_no": "152",
    "org_county_city_zip_neighborhood": "Harris | Houston  |  77012 - Magnolia Park, Harrisburg "
  },
  {
    "id_no": "153",
    "org_county_city_zip_neighborhood": "Harris | Houston  |  77013 - Jacinto City, Pleasantville Area "
  },
  {
    "id_no": "154",
    "org_county_city_zip_neighborhood": "Harris | Houston  |  77014 - Northcliffe, Bammel Village "
  },
  {
    "id_no": "155",
    "org_county_city_zip_neighborhood": "Harris | Houston  |  77015 - Northshore, Cloverleaf "
  },
  {
    "id_no": "156",
    "org_county_city_zip_neighborhood": "Harris | Houston  |  77016 - Trinity Gardens, East Little York "
  },
  {
    "id_no": "157",
    "org_county_city_zip_neighborhood": "Harris | Houston  |  77017 - Park Place, Meadowbrook/Allendale "
  },
  {
    "id_no": "158",
    "org_county_city_zip_neighborhood": "Harris | Houston  |  77018 - Oak Forest, Garden Oaks "
  },
  {
    "id_no": "159",
    "org_county_city_zip_neighborhood": "Harris | Houston  |  77019 - River Oaks, Avalon Place, Hyde Park "
  },
  {
    "id_no": "160",
    "org_county_city_zip_neighborhood": "Harris | Houston  |  77020 - Fifth Ward, Denver Harbor "
  },
  {
    "id_no": "161",
    "org_county_city_zip_neighborhood": "Harris | Houston  |  77021 - Riverside Terrace, MacGregor "
  },
  {
    "id_no": "162",
    "org_county_city_zip_neighborhood": "Harris | Houston  |  77022 - Northline, Independence Heights "
  },
  {
    "id_no": "163",
    "org_county_city_zip_neighborhood": "Harris | Houston  |  77023 - Eastwood, Idylwood "
  },
  {
    "id_no": "164",
    "org_county_city_zip_neighborhood": "Harris | Houston  |  77024 - Memorial, Hunters Creek Village, Hedwig Village "
  },
  {
    "id_no": "165",
    "org_county_city_zip_neighborhood": "Harris | Houston  |  77025 - Braeswood Place, Knollwood Village "
  },
  {
    "id_no": "166",
    "org_county_city_zip_neighborhood": "Harris | Houston  |  77026 - Kashmere Gardens, Settegast "
  },
  {
    "id_no": "167",
    "org_county_city_zip_neighborhood": "Harris | Houston  |  77027 - Afton Oaks, Greenway Plaza "
  },
  {
    "id_no": "168",
    "org_county_city_zip_neighborhood": "Harris | Houston  |  77028 - East Houston, Settegast "
  },
  {
    "id_no": "169",
    "org_county_city_zip_neighborhood": "Harris | Houston  |  77029 - Pleasantville, Clinton Park Tri-Community "
  },
  {
    "id_no": "170",
    "org_county_city_zip_neighborhood": "Harris | Houston  |  77030 - Texas Medical Center, Southgate "
  },
  {
    "id_no": "171",
    "org_county_city_zip_neighborhood": "Harris | Houston  |  77031 - Braeburn, Fondren Southwest "
  },
  {
    "id_no": "172",
    "org_county_city_zip_neighborhood": "Harris | Houston  |  77032 - Airport/Cargo Zone, Greenspoint "
  },
  {
    "id_no": "173",
    "org_county_city_zip_neighborhood": "Harris | Houston  |  77033 - Sunnyside, South Acres/Crestmont Park "
  },
  {
    "id_no": "174",
    "org_county_city_zip_neighborhood": "Harris | Houston  |  77034 - Southbelt/Ellington, Edgebrook "
  },
  {
    "id_no": "175",
    "org_county_city_zip_neighborhood": "Harris | Houston  |  77035 - Westbury, Willowbend "
  },
  {
    "id_no": "176",
    "org_county_city_zip_neighborhood": "Harris | Houston  |  77036 - Sharpstown, Chinatown "
  },
  {
    "id_no": "177",
    "org_county_city_zip_neighborhood": "Harris | Houston  |  77037 - Northline, Northside "
  },
  {
    "id_no": "178",
    "org_county_city_zip_neighborhood": "Harris | Houston  |  77038 - Greater Inwood, Hidden Valley "
  },
  {
    "id_no": "179",
    "org_county_city_zip_neighborhood": "Harris | Houston  |  77039 - Aldine, Airline "
  },
  {
    "id_no": "180",
    "org_county_city_zip_neighborhood": "Harris | Houston  |  77040 - Jersey Village, Fairbanks/Northwest Crossing "
  },
  {
    "id_no": "181",
    "org_county_city_zip_neighborhood": "Harris | Houston  |  77041 - Spring Branch, Westbranch "
  },
  {
    "id_no": "182",
    "org_county_city_zip_neighborhood": "Harris | Houston  |  77042 - Westchase, Briarmeadow "
  },
  {
    "id_no": "183",
    "org_county_city_zip_neighborhood": "Harris | Houston  |  77043 - Spring Branch West, Shadow Oaks "
  },
  {
    "id_no": "184",
    "org_county_city_zip_neighborhood": "Harris | Houston  |  77044 - Lake Houston, Summerwood "
  },
  {
    "id_no": "185",
    "org_county_city_zip_neighborhood": "Harris | Houston  |  77045 - Hiram Clarke, Central Southwest "
  },
  {
    "id_no": "186",
    "org_county_city_zip_neighborhood": "Harris | Houston  |  77046 - Greenway Plaza, Upper Kirby "
  },
  {
    "id_no": "187",
    "org_county_city_zip_neighborhood": "Harris | Houston  |  77047 - South Acres, Minnetex "
  },
  {
    "id_no": "188",
    "org_county_city_zip_neighborhood": "Harris | Houston  |  77048 - Crestmont Park, Minnetex "
  },
  {
    "id_no": "189",
    "org_county_city_zip_neighborhood": "Harris | Houston  |  77049 - Cloverleaf, Sheldon "
  },
  {
    "id_no": "190",
    "org_county_city_zip_neighborhood": "Harris | Houston  |  77050 - Greens Bayou, Fontaine Place "
  },
  {
    "id_no": "191",
    "org_county_city_zip_neighborhood": "Harris | Houston  |  77051 - Sunnyside, South Park "
  },
  {
    "id_no": "192",
    "org_county_city_zip_neighborhood": "Harris | Houston  |  77054 - Astrodome, South Main "
  },
  {
    "id_no": "193",
    "org_county_city_zip_neighborhood": "Harris | Houston  |  77055 - Spring Branch East, Westview "
  },
  {
    "id_no": "194",
    "org_county_city_zip_neighborhood": "Harris | Houston  |  77056 - Galleria/Uptown, Tanglewood "
  },
  {
    "id_no": "195",
    "org_county_city_zip_neighborhood": "Harris | Houston  |  77057 - Briargrove, Woodlake/Briarmeadow "
  },
  {
    "id_no": "196",
    "org_county_city_zip_neighborhood": "Harris | Houston  |  77058 - Clear Lake, Nassau Bay "
  },
  {
    "id_no": "197",
    "org_county_city_zip_neighborhood": "Harris | Houston  |  77059 - Clear Lake, Pine Brook "
  },
  {
    "id_no": "198",
    "org_county_city_zip_neighborhood": "Harris | Houston  |  77060 - Greenspoint, Greater Greenspoint "
  },
  {
    "id_no": "199",
    "org_county_city_zip_neighborhood": "Harris | Houston  |  77061 - Greater Hobby, Park Place "
  },
  {
    "id_no": "200",
    "org_county_city_zip_neighborhood": "Harris | Houston  |  77062 - Clear Lake, Bay Forest "
  },
  {
    "id_no": "201",
    "org_county_city_zip_neighborhood": "Harris | Houston  |  77063 - Westheimer, Briarmeadow/Tanglewilde "
  },
  {
    "id_no": "202",
    "org_county_city_zip_neighborhood": "Harris | Houston  |  77064 - Willowbrook, Winchester "
  },
  {
    "id_no": "203",
    "org_county_city_zip_neighborhood": "Harris | Houston  |  77065 - Jersey Village, Cypress-Fairbanks "
  },
  {
    "id_no": "204",
    "org_county_city_zip_neighborhood": "Harris | Houston  |  77066 - Greater Greenspoint, Northcliffe Manor "
  },
  {
    "id_no": "205",
    "org_county_city_zip_neighborhood": "Harris | Houston  |  77067 - Greenspoint, Greater Greenspoint "
  },
  {
    "id_no": "206",
    "org_county_city_zip_neighborhood": "Harris | Houston  |  77068 - Northcliffe, Ponderosa Forest "
  },
  {
    "id_no": "207",
    "org_county_city_zip_neighborhood": "Harris | Houston  |  77069 - Champions, Huntwick Forest "
  },
  {
    "id_no": "208",
    "org_county_city_zip_neighborhood": "Harris | Houston  |  77070 - Willowbrook, Champion Forest "
  },
  {
    "id_no": "209",
    "org_county_city_zip_neighborhood": "Harris | Houston  |  77071 - Westbury, Fondren Gardens "
  },
  {
    "id_no": "210",
    "org_county_city_zip_neighborhood": "Harris | Houston  |  77072 - Alief, Sharpstown "
  },
  {
    "id_no": "211",
    "org_county_city_zip_neighborhood": "Harris | Houston  |  77073 - Greenspoint, Aldine "
  },
  {
    "id_no": "212",
    "org_county_city_zip_neighborhood": "Harris | Houston  |  77074 - Sharpstown, Robindell "
  },
  {
    "id_no": "213",
    "org_county_city_zip_neighborhood": "Harris | Houston  |  77075 - Southbelt/Ellington, Allendale "
  },
  {
    "id_no": "214",
    "org_county_city_zip_neighborhood": "Harris | Houston  |  77076 - Northline, Independence Heights "
  },
  {
    "id_no": "215",
    "org_county_city_zip_neighborhood": "Harris | Houston  |  77077 - Energy Corridor, Briarforest "
  },
  {
    "id_no": "216",
    "org_county_city_zip_neighborhood": "Harris | Houston  |  77078 - Northeast Houston, Settegast "
  },
  {
    "id_no": "217",
    "org_county_city_zip_neighborhood": "Harris | Houston  |  77079 - Memorial, Nottingham Forest "
  },
  {
    "id_no": "218",
    "org_county_city_zip_neighborhood": "Harris | Houston  |  77080 - Spring Branch, Binglewood "
  },
  {
    "id_no": "219",
    "org_county_city_zip_neighborhood": "Harris | Houston  |  77081 - Gulfton, Bellaire "
  },
  {
    "id_no": "220",
    "org_county_city_zip_neighborhood": "Harris | Houston  |  77082 - Alief, Eldridge/West Oaks "
  },
  {
    "id_no": "221",
    "org_county_city_zip_neighborhood": "Harris | Houston  |  77083 - Mission Bend, Alief "
  },
  {
    "id_no": "222",
    "org_county_city_zip_neighborhood": "Harris | Houston  |  77084 - Bear Creek, Copperfield "
  },
  {
    "id_no": "223",
    "org_county_city_zip_neighborhood": "Harris | Houston  |  77085 - Central Southwest, Willow Meadows/Willowbend "
  },
  {
    "id_no": "224",
    "org_county_city_zip_neighborhood": "Harris | Houston  |  77086 - Greater Inwood, Carverdale "
  },
  {
    "id_no": "225",
    "org_county_city_zip_neighborhood": "Harris | Houston  |  77087 - Greater Hobby, Gulfgate/Pine Valley "
  },
  {
    "id_no": "226",
    "org_county_city_zip_neighborhood": "Harris | Houston  |  77088 - Acres Homes, Greater Inwood "
  },
  {
    "id_no": "227",
    "org_county_city_zip_neighborhood": "Harris | Houston  |  77089 - Southbelt/Ellington, Sagemont "
  },
  {
    "id_no": "228",
    "org_county_city_zip_neighborhood": "Harris | Houston  |  77090 - Greater Greenspoint, Ella Crossing "
  },
  {
    "id_no": "229",
    "org_county_city_zip_neighborhood": "Harris | Houston  |  77091 - Acres Homes, Greater Inwood "
  },
  {
    "id_no": "230",
    "org_county_city_zip_neighborhood": "Harris | Houston  |  77092 - Oak Forest, Central Northwest "
  },
  {
    "id_no": "231",
    "org_county_city_zip_neighborhood": "Harris | Houston  |  77093 - Northside, Eastex/Jensen "
  },
  {
    "id_no": "232",
    "org_county_city_zip_neighborhood": "Harris | Houston  |  77094 - Energy Corridor, Barker Reservoir "
  },
  {
    "id_no": "233",
    "org_county_city_zip_neighborhood": "Harris | Houston  |  77095 - Copperfield, Bear Creek/Copperfield "
  },
  {
    "id_no": "234",
    "org_county_city_zip_neighborhood": "Harris | Houston  |  77096 - Meyerland, Willow Meadows "
  },
  {
    "id_no": "235",
    "org_county_city_zip_neighborhood": "Harris | Houston  |  77098 - Upper Kirby, Greenway Plaza "
  },
  {
    "id_no": "236",
    "org_county_city_zip_neighborhood": "Harris | Houston  |  77099 - Alief, Bellaire West "
  },
  {
    "id_no": "237",
    "org_county_city_zip_neighborhood": "Harris | Houston  |  77242 - Post Boxes"
  },
  {
    "id_no": "238",
    "org_county_city_zip_neighborhood": "Harris | Houston  |  77257 - PO Boxes "
  },
  {
    "id_no": "239",
    "org_county_city_zip_neighborhood": "Harris | Houston  |  77277 - PO Boxes "
  },
  {
    "id_no": "240",
    "org_county_city_zip_neighborhood": "Harris | Houston  |  77279 - PO Boxes "
  },
  {
    "id_no": "241",
    "org_county_city_zip_neighborhood": "Harris | Huffman"
  },
  {
    "id_no": "242",
    "org_county_city_zip_neighborhood": "Harris | Huffman  |  77336 - Huffman "
  },
  {
    "id_no": "243",
    "org_county_city_zip_neighborhood": "Harris | Humble"
  },
  {
    "id_no": "244",
    "org_county_city_zip_neighborhood": "Harris | Humble  |  77338 - Humble "
  },
  {
    "id_no": "245",
    "org_county_city_zip_neighborhood": "Harris | Humble  |  77347 - Humble "
  },
  {
    "id_no": "246",
    "org_county_city_zip_neighborhood": "Harris | Humble  |  77396 - Humble "
  },
  {
    "id_no": "247",
    "org_county_city_zip_neighborhood": "Harris | Katy"
  },
  {
    "id_no": "248",
    "org_county_city_zip_neighborhood": "Harris | Katy  |  77449 - Katy "
  },
  {
    "id_no": "249",
    "org_county_city_zip_neighborhood": "Harris | Katy  |  77450 - Katy "
  },
  {
    "id_no": "250",
    "org_county_city_zip_neighborhood": "Harris | Katy  |  77493 - Katy "
  },
  {
    "id_no": "251",
    "org_county_city_zip_neighborhood": "Harris | Kingwood"
  },
  {
    "id_no": "252",
    "org_county_city_zip_neighborhood": "Harris | Kingwood  |  77339 - Kingwood "
  },
  {
    "id_no": "253",
    "org_county_city_zip_neighborhood": "Harris | Kingwood  |  77345 - Kingwood "
  },
  {
    "id_no": "254",
    "org_county_city_zip_neighborhood": "Harris | La Porte"
  },
  {
    "id_no": "255",
    "org_county_city_zip_neighborhood": "Harris | La Porte  |  77571 - La Porte "
  },
  {
    "id_no": "256",
    "org_county_city_zip_neighborhood": "Harris | New Caney"
  },
  {
    "id_no": "257",
    "org_county_city_zip_neighborhood": "Harris | New Caney  |  77357 - New Caney "
  },
  {
    "id_no": "258",
    "org_county_city_zip_neighborhood": "Harris | Pasadena"
  },
  {
    "id_no": "259",
    "org_county_city_zip_neighborhood": "Harris | Pasadena  |  77501 - Pasadena "
  },
  {
    "id_no": "260",
    "org_county_city_zip_neighborhood": "Harris | Pasadena  |  77502 - Pasadena "
  },
  {
    "id_no": "261",
    "org_county_city_zip_neighborhood": "Harris | Pasadena  |  77503 - Pasadena "
  },
  {
    "id_no": "262",
    "org_county_city_zip_neighborhood": "Harris | Pasadena  |  77504 - Pasadena "
  },
  {
    "id_no": "263",
    "org_county_city_zip_neighborhood": "Harris | Pasadena  |  77505 - Pasadena "
  },
  {
    "id_no": "264",
    "org_county_city_zip_neighborhood": "Harris | Pasadena  |  77506 - Pasadena "
  },
  {
    "id_no": "265",
    "org_county_city_zip_neighborhood": "Harris | Pasadena  |  77507 - Pasadena "
  },
  {
    "id_no": "266",
    "org_county_city_zip_neighborhood": "Harris | Pasadena  |  77508 - Pasadena "
  },
  {
    "id_no": "267",
    "org_county_city_zip_neighborhood": "Harris | Pearland"
  },
  {
    "id_no": "268",
    "org_county_city_zip_neighborhood": "Harris | Pearland  |  77581 - Pearland "
  },
  {
    "id_no": "269",
    "org_county_city_zip_neighborhood": "Harris | Porter"
  },
  {
    "id_no": "270",
    "org_county_city_zip_neighborhood": "Harris | Porter  |  77365 - Porter "
  },
  {
    "id_no": "271",
    "org_county_city_zip_neighborhood": "Harris | Seabrook"
  },
  {
    "id_no": "272",
    "org_county_city_zip_neighborhood": "Harris | Seabrook  |  77586 - Seabrook "
  },
  {
    "id_no": "273",
    "org_county_city_zip_neighborhood": "Harris | South Houston"
  },
  {
    "id_no": "274",
    "org_county_city_zip_neighborhood": "Harris | South Houston  |  77587 - South Houston "
  },
  {
    "id_no": "275",
    "org_county_city_zip_neighborhood": "Harris | Spring"
  },
  {
    "id_no": "276",
    "org_county_city_zip_neighborhood": "Harris | Spring  |  77373 - Spring "
  },
  {
    "id_no": "277",
    "org_county_city_zip_neighborhood": "Harris | Spring  |  77379 - Spring "
  },
  {
    "id_no": "278",
    "org_county_city_zip_neighborhood": "Harris | Spring  |  77383 - Spring"
  },
  {
    "id_no": "279",
    "org_county_city_zip_neighborhood": "Harris | Spring  |  77387 - Spring"
  },
  {
    "id_no": "280",
    "org_county_city_zip_neighborhood": "Harris | Spring  |  77388 - Spring "
  },
  {
    "id_no": "281",
    "org_county_city_zip_neighborhood": "Harris | Spring  |  77389 - Spring "
  },
  {
    "id_no": "282",
    "org_county_city_zip_neighborhood": "Harris | The Woodlands"
  },
  {
    "id_no": "283",
    "org_county_city_zip_neighborhood": "Harris | The Woodlands  |  77393 - The Woodlands "
  },
  {
    "id_no": "284",
    "org_county_city_zip_neighborhood": "Harris | Tomball"
  },
  {
    "id_no": "285",
    "org_county_city_zip_neighborhood": "Harris | Tomball  |  77375 - Tomball "
  },
  {
    "id_no": "286",
    "org_county_city_zip_neighborhood": "Harris | Tomball  |  77377 - Tomball "
  },
  {
    "id_no": "287",
    "org_county_city_zip_neighborhood": "Harris | Waller"
  },
  {
    "id_no": "288",
    "org_county_city_zip_neighborhood": "Harris | Waller  |  77484 - Waller "
  },
  {
    "id_no": "289",
    "org_county_city_zip_neighborhood": "Harris | Webster"
  },
  {
    "id_no": "290",
    "org_county_city_zip_neighborhood": "Harris | Webster  |  77598 - Webster"
  },
  {
    "id_no": "291",
    "org_county_city_zip_neighborhood": "Liberty"
  },
  {
    "id_no": "292",
    "org_county_city_zip_neighborhood": "Liberty | Cleveland"
  },
  {
    "id_no": "293",
    "org_county_city_zip_neighborhood": "Liberty | Cleveland  |  77327 - Cleveland "
  },
  {
    "id_no": "294",
    "org_county_city_zip_neighborhood": "Liberty | Devers"
  },
  {
    "id_no": "295",
    "org_county_city_zip_neighborhood": "Liberty | Devers  |  77533 - Devers "
  },
  {
    "id_no": "296",
    "org_county_city_zip_neighborhood": "Liberty | Liberty"
  },
  {
    "id_no": "297",
    "org_county_city_zip_neighborhood": "Liberty | Liberty  |  77575 - Liberty "
  },
  {
    "id_no": "298",
    "org_county_city_zip_neighborhood": "Matagorda"
  },
  {
    "id_no": "299",
    "org_county_city_zip_neighborhood": "Matagorda | Collegeport"
  },
  {
    "id_no": "300",
    "org_county_city_zip_neighborhood": "Matagorda | Collegeport  |  77428 - Collegeport"
  },
  {
    "id_no": "301",
    "org_county_city_zip_neighborhood": "Matagorda | Wadsworth"
  },
  {
    "id_no": "302",
    "org_county_city_zip_neighborhood": "Matagorda | Wadsworth  |  77483 - Wadsworth"
  },
  {
    "id_no": "303",
    "org_county_city_zip_neighborhood": "Montgomery"
  },
  {
    "id_no": "304",
    "org_county_city_zip_neighborhood": "Montgomery | Cleveland"
  },
  {
    "id_no": "305",
    "org_county_city_zip_neighborhood": "Montgomery | Cleveland  |  77328 - Cleveland "
  },
  {
    "id_no": "306",
    "org_county_city_zip_neighborhood": "Montgomery | Conroe"
  },
  {
    "id_no": "307",
    "org_county_city_zip_neighborhood": "Montgomery | Conroe  |  77301 - Conroe, River Plantation "
  },
  {
    "id_no": "308",
    "org_county_city_zip_neighborhood": "Montgomery | Conroe  |  77302 - Conroe, River Plantation "
  },
  {
    "id_no": "309",
    "org_county_city_zip_neighborhood": "Montgomery | Conroe  |  77303 - Conroe, River Plantation "
  },
  {
    "id_no": "310",
    "org_county_city_zip_neighborhood": "Montgomery | Conroe  |  77304 - Conroe, River Plantation "
  },
  {
    "id_no": "311",
    "org_county_city_zip_neighborhood": "Montgomery | Conroe  |  77305 - Conroe, River Plantation "
  },
  {
    "id_no": "312",
    "org_county_city_zip_neighborhood": "Montgomery | Conroe  |  77306 - Conroe, River Plantation "
  },
  {
    "id_no": "313",
    "org_county_city_zip_neighborhood": "Montgomery | Conroe  |  77384 - Conroe "
  },
  {
    "id_no": "314",
    "org_county_city_zip_neighborhood": "Montgomery | Dobbin"
  },
  {
    "id_no": "315",
    "org_county_city_zip_neighborhood": "Montgomery | Dobbin  |  77333 - Dobbin"
  },
  {
    "id_no": "316",
    "org_county_city_zip_neighborhood": "Montgomery | Magnolia"
  },
  {
    "id_no": "317",
    "org_county_city_zip_neighborhood": "Montgomery | Magnolia  |  77353 - Magnolia "
  },
  {
    "id_no": "318",
    "org_county_city_zip_neighborhood": "Montgomery | Magnolia  |  77354 - Magnolia "
  },
  {
    "id_no": "319",
    "org_county_city_zip_neighborhood": "Montgomery | Magnolia  |  77355 - Magnolia "
  },
  {
    "id_no": "320",
    "org_county_city_zip_neighborhood": "Montgomery | Montgomery"
  },
  {
    "id_no": "321",
    "org_county_city_zip_neighborhood": "Montgomery | Montgomery  |  77316 - Montgomery, Lake Conroe "
  },
  {
    "id_no": "322",
    "org_county_city_zip_neighborhood": "Montgomery | Montgomery  |  77318 - Montgomery, Lake Conroe "
  },
  {
    "id_no": "323",
    "org_county_city_zip_neighborhood": "Montgomery | Montgomery  |  77356 - Montgomery "
  },
  {
    "id_no": "324",
    "org_county_city_zip_neighborhood": "Montgomery | Pinehurst"
  },
  {
    "id_no": "325",
    "org_county_city_zip_neighborhood": "Montgomery | Pinehurst  |  77362 - Pinehurst "
  },
  {
    "id_no": "326",
    "org_county_city_zip_neighborhood": "Montgomery | Splendora"
  },
  {
    "id_no": "327",
    "org_county_city_zip_neighborhood": "Montgomery | Splendora  |  77372 - Splendora "
  },
  {
    "id_no": "328",
    "org_county_city_zip_neighborhood": "Montgomery | Spring"
  },
  {
    "id_no": "329",
    "org_county_city_zip_neighborhood": "Montgomery | Spring  |  77385 - Spring "
  },
  {
    "id_no": "330",
    "org_county_city_zip_neighborhood": "Montgomery | Spring  |  77386 - Spring "
  },
  {
    "id_no": "331",
    "org_county_city_zip_neighborhood": "Montgomery | The Woodlands"
  },
  {
    "id_no": "332",
    "org_county_city_zip_neighborhood": "Montgomery | The Woodlands  |  77380 - The Woodlands "
  },
  {
    "id_no": "333",
    "org_county_city_zip_neighborhood": "Montgomery | The Woodlands  |  77381 - The Woodlands "
  },
  {
    "id_no": "334",
    "org_county_city_zip_neighborhood": "Montgomery | The Woodlands  |  77382 - The Woodlands "
  },
  {
    "id_no": "335",
    "org_county_city_zip_neighborhood": "Montgomery | Willis"
  },
  {
    "id_no": "336",
    "org_county_city_zip_neighborhood": "Montgomery | Willis  |  77378 - Willis "
  },
  {
    "id_no": "337",
    "org_county_city_zip_neighborhood": "Walker"
  },
  {
    "id_no": "338",
    "org_county_city_zip_neighborhood": "Walker | Dodge"
  },
  {
    "id_no": "339",
    "org_county_city_zip_neighborhood": "Walker | Dodge  |  77334 - Dodge"
  },
  {
    "id_no": "340",
    "org_county_city_zip_neighborhood": "Walker | Huntsville"
  },
  {
    "id_no": "341",
    "org_county_city_zip_neighborhood": "Walker | Huntsville  |  77320 - Hunstville"
  },
  {
    "id_no": "342",
    "org_county_city_zip_neighborhood": "Walker | Huntsville  |  77340 - Huntsville, Phelps"
  },
  {
    "id_no": "343",
    "org_county_city_zip_neighborhood": "Walker | Huntsville  |  77341 - Huntsville"
  },
  {
    "id_no": "344",
    "org_county_city_zip_neighborhood": "Walker | Huntsville  |  77342 - Huntsville"
  },
  {
    "id_no": "345",
    "org_county_city_zip_neighborhood": "Walker | New Waverly"
  },
  {
    "id_no": "346",
    "org_county_city_zip_neighborhood": "Walker | New Waverly  |  77358 - New Waverly"
  },
  {
    "id_no": "347",
    "org_county_city_zip_neighborhood": "Walker | Riverside"
  },
  {
    "id_no": "348",
    "org_county_city_zip_neighborhood": "Walker | Riverside  |  77367 - Riverside"
  },
  {
    "id_no": "349",
    "org_county_city_zip_neighborhood": "Waller"
  },
  {
    "id_no": "350",
    "org_county_city_zip_neighborhood": "Waller | Hempstead"
  },
  {
    "id_no": "351",
    "org_county_city_zip_neighborhood": "Waller | Hempstead  |  77445 - Hempstead "
  },
  {
    "id_no": "352",
    "org_county_city_zip_neighborhood": "Waller | Lissie"
  },
  {
    "id_no": "353",
    "org_county_city_zip_neighborhood": "Waller | Lissie  |  77446 - Lissie "
  },
  {
    "id_no": "354",
    "org_county_city_zip_neighborhood": "Waller | Pierce"
  },
  {
    "id_no": "355",
    "org_county_city_zip_neighborhood": "Waller | Pierce  |  77466 - Pierce "
  },
  {
    "id_no": "356",
    "org_county_city_zip_neighborhood": "Waller | Waller"
  },
  {
    "id_no": "357",
    "org_county_city_zip_neighborhood": "Waller | Waller  |  77492 - Waller "
  },
  {
    "id_no": "358",
    "org_county_city_zip_neighborhood": "Washington"
  },
  {
    "id_no": "359",
    "org_county_city_zip_neighborhood": "Washington | Chappell Hill"
  },
  {
    "id_no": "360",
    "org_county_city_zip_neighborhood": "Washington | Chappell Hill  |  77426 - Chappell Hill"
  },
  {
    "id_no": "361",
    "org_county_city_zip_neighborhood": "Williamson"
  },
  {
    "id_no": "362",
    "org_county_city_zip_neighborhood": "Williamson | Georgetown"
  },
  {
    "id_no": "363",
    "org_county_city_zip_neighborhood": "Williamson | Georgetown  |  78628 - Georgetown"
  },
  {
    "id_no": "364",
    "org_county_city_zip_neighborhood": ""
  }
]